Planet,Host Star,Orbital Period (days),Planet Radius (Earth radii),Planet Mass (Earth masses),Equilibrium Temp (K),Semi-Major Axis (AU),Eccentricity ,Stellar Temp (K),Stellar Radius (Solar radii) , Stellar Mass (Solar masses) 
TOI-4010 b,TOI-4010,1.348335,3.02,11,1441,0.0229,0.03,4960,0.83,0.88
TOI-2384 b,TOI-2384,2.13570304,11.48920522,624.8506482,889.7,0.02793,0,3943,0.6113,0.635
HAT-P-28 b,HAT-P-28,3.257215,13.585,198.953,1384,0.0434,0.051,5680,1.103,1.025
TOI-1710 b,TOI-1710,24.283382,5.15,18.4,730,0.164,0.185,5730,0.95,0.99
TOI-3894 b,TOI-3894,4.3345401,15.22179579,270.154146,1519,0.0543,0.048,6000,1.502,1.138
NGTS-10 b,NGTS-10,0.7668944,13.506845,687.14846,1332,0.0143,0,4600,0.697,0.696
HD 3167 b,HD 3167,0.959632,1.574,5.69,1759,0.01752,0,5286,0.835,0.877
HD 3167 c,HD 3167,29.84622,2.74,8.33,548,0.1806,0.05,5286,0.835,0.877
KOI-1257 b,KOI-1257,86.647661,10.54,460.83,511,0.382,0.772,5520,1.13,0.99
TOI-1248 b,TOI-1248,4.3601561,6.8084859,27.4,952.09,0.051,0,5205,0.8686,0.9042
TOI-4773 b,TOI-4773,1.7452851,15.22179579,1687.668841,2255,0.03216,0.024,6740,1.55,1.452
Kepler-109 c,Kepler-109,21.22265,2.65,8.2,859,0.1546,0.098,5950,1.387,1.094
TOI-4734 b,TOI-4734,6.235633,10.9175472,61.65871096,1468,0.074,0.12,6070,1.857,1.391
TOI-1386 b,TOI-1386,25.8401,6.2163865,45.8,615.03,0.173,0,5735,1.0235,1.0363
CoRoT-23 b,CoRoT-23,3.6313,11.77,889.9,1660,0.048,0.16,5900,1.61,1.14
Kepler-74 b,Kepler-74,7.340718,14.8,216.12,1250,0.084,0.287,6050,1.51,1.4
Kepler-391 b,Kepler-391,7.4175,2.5,1100,930,0.083,0.46,5038,2.879,1.27
HAT-P-30 b,HAT-P-30,2.810595,15.02,225.968,1630,0.0419,0.035,6304,1.215,1.242
HAT-P-32 b,HAT-P-32,2.150008,20.053,273.322,1786,0.0343,0,6207,1.219,1.16
Kepler-17 b,Kepler-17,1.4857108,14.68,778.65,1570,0.02591,0.011,5781,1.01034,1.04
Qatar-2 b,Qatar-2,1.3371182,12.823,790.41,1292,0.02149,0,4645,0.713,0.74
WASP-79 b,WASP-79,3.6623866,23.43,286.03,1900,0.0535,0,6600,1.91,1.52
HAT-P-38 b,HAT-P-38,4.640382,9.247,84.857,1082,0.0523,0.067,5330,0.923,0.886
HAT-P-41 b,HAT-P-41,2.694047,18.887,254.253,1941,0.0426,0,6390,1.683,1.418
HD 202772 A b,HD 202772 A,3.308958,17.317905,323.23311,2132,0.05208,0.038,6272,2.591,1.72
WASP-14 b,WASP-14,2.2437655,13.89916,2412.3297,1872,0.037,0.087,6475,1.318,1.3
HAT-P-20 b,HAT-P-20,2.875316938,11.489225,2294.7326,964,0.03593,0.0172,4595,0.6796,0.742
WASP-43 b,WASP-43,0.813473978,11.276254,635.02434,1426.7,0.01504,0,4500,0.6506,0.688
WASP-78 b,WASP-78,2.175173,23.09054,273.3338,2469.7,0.0367,0,6100,2.35,1.39
K2-113 b,K2-113,5.817608,10.42437,410.0007,1178,0.0558,0,5627,1.047,1.007
WASP-139 b,WASP-139,5.924262,8.9672,37.18611,910,0.062,0,5310,0.8,0.92
TOI-1246 e,TOI-1246,37.92548,3.5141875,14.5,463.98,0.212,0,5213,0.8649,0.8889
TOI-6894 b,TOI-6894,3.37077196,9.5836785,53.39517238,417.9,0.02604,0.029,3007,0.2276,0.207
K2-3 b,K2-3,10.0546535,2.078,5.11,501.3,0.0747,0.107,3844,0.546,0.549
KELT-14 b,KELT-14,1.7100588,17.03768,380.12468,1904,0.02956,0,5802,1.368,1.178
WASP-104 b,WASP-104,1.7554137,12.745,404.263,1516,0.02918,0,5475,0.963,1.076
WASP-94 A b,WASP-94 A,3.9501907,19.28,143.653,1604,0.055,0.13,6153,1.62,1.45
TOI-2134 b,TOI-2134,9.2292005,2.69,9.13,666,0.078,0.06,4580,0.709,0.744
V1298 Tau b,V1298 Tau,24.140006,9.41,13.1,666,0.1685,0.0079,4970,1.32,1.1
K2-290 b,K2-290,9.21165,3.06,10.9,1230,0.0923,0,6302,1.511,1.194
HD 95338 b,HD 95338,55.087,3.89,42.44,385,0.262,0.197,5212,0.87,0.83
LHS 1903 b,LHS 1903,2.1555098,1.382,3.28,796,0.02656,0.015,3664,0.539,0.538
HIP 9618 c,HIP 9618,52.563491,3.343,18.3,486.9,0.2669,0.23,5609,0.9662,1.022
WASP-20 b,WASP-20,4.8996284,16.388,98.841,1379,0.06,0,5940,1.392,1.2
K2-199 b,K2-199,3.2253993,1.73,6.9,913,0.0382,0.02,4491,0.682,0.711
TOI-1238 b,TOI-1238,0.764597,1.21,3.76,1133,0.0139,0.25,4089,0.58,0.59
TOI-1238 c,TOI-1238,3.294736,2.11,8.32,695,0.037,0.15,4089,0.58,0.59
TOI-7510 d,TOI-7510,48.864468,10.52,190,542.4,0.2672,0.04,5720,1.035,1.063
HAT-P-15 b,HAT-P-15,10.863502,12.016,618.471,904,0.0964,0.19,5568,1.08,1.013
WASP-62 b,WASP-62,4.41194,15.02006,184.3414,1475.3,0.0571,0,6230,1.29,1.28
WASP-69 b,WASP-69,3.8681382,11.847913,82.6358,963,0.04525,0,4700,0.813,0.826
HAT-P-18 b,HAT-P-18,5.508023,11.153,62.61,852,0.0559,0.084,4803,0.749,0.77
HAT-P-19 b,HAT-P-19,4.008778,12.689,92.802,1010,0.0466,0.067,4990,0.82,0.842
HAT-P-23 b,HAT-P-23,1.212884,15.334,664.237,2056,0.0232,0.106,5905,1.203,1.13
WASP-34 b,WASP-34,4.3176782,13.675,187.51,1250,0.0524,0.038,5700,0.93,1.01
LHS 1903 d,LHS 1903,12.566287,2.5,5.96,442,0.08604,0.112,3664,0.539,0.538
TOI-375 b,TOI-375,9.45469,10.77183045,236.7821632,1373,0.099,0.087,5259.9,2.9,1.441
TOI-1246 d,TOI-1246,18.654874,3.43139739,5.4,587.77,0.132,0,5213,0.8649,0.8889
HATS-11 b,HATS-11,3.6191613,16.92559,270.1555,1637,0.04614,0.34,6060,1.444,1
AU Mic b,AU Mic,8.463,4.07,17,593,0.0645,0,3700,0.75,0.5
WASP-140 b,WASP-140,2.2359835,16.14096,775.5052,1320,0.0323,0.047,5260,0.87,0.9
Qatar-1 b,Qatar-1,1.42002504,13.22662,422.7139,1389,0.02343,0,4910,0.8,0.85
KELT-16 b,KELT-16,0.9689951,15.860735,874.0325,2453,0.02044,0,6236,1.36,1.211
KELT-9 b,KELT-9,1.4811235,21.196219,915.3504,4050,0.03462,0,10170,2.362,2.52
WASP-107 b,WASP-107,5.72149,10.53646,38.1396,770,0.055,0,4430,0.66,0.69
Kepler-68 b,Kepler-68,5.39875259,2.357,8.03,1275,0.06135,0.09,5847,1.2564,1.057
WASP-52 b,WASP-52,1.7497798,14.24,146.2,1315,0.0272,0,5000,0.79,0.87
WASP-64 b,WASP-64,1.5732918,14.247,403.945,1689,0.02648,0,5400,1.058,1.004
WASP-65 b,WASP-65,2.3114243,12.464,492.62,1480,0.0334,0,5600,1.01,0.93
WASP-75 b,WASP-75,2.484193,14.235,340.06,1710,0.0375,0,6100,1.26,1.14
TOI-6695 b,TOI-6695,80.389,9.52763359,66.74396547,599,0.402,0.04,6400,1.517,1.338
MASCARA-1 b,MASCARA-1,2.14878,16.8135,1175.971,2570,0.043,0,7554,2.1,1.72
WASP-131 b,WASP-131,5.322023,13.67498,85.8141,1460,0.0607,0,6030,1.53,1.06
KELT-20 b,KELT-20,3.474119,20.51247,5403.11,2260,0.057,0,8980,1.6,1.89
HAT-P-2 b,HAT-P-2,5.6334729,12.969,2888.95,1540,0.06878,0.5171,6290,1.64,1.36
WASP-74 b,WASP-74,2.13775,17.48604,301.9385,1910,0.037,0,5970,1.64,1.48
HATS-36 b,HATS-36,4.1752387,13.843115,1022.14128,1356,0.05425,0.105,6149,1.155,1.222
TOI-4495 b,TOI-4495,2.56699,2.483,7.7,1735,0.03957,0.078,6210,1.309,1.247
HAT-P-14 b,HAT-P-14,4.627669,12.89,709.367,1570,0.0606,0.107,6600,1.468,1.386
TOI-4495 c,TOI-4495,5.18553,4.03,23.2,1365,0.06323,0.023,6210,1.309,1.247
WASP-11 b,WASP-11,3.722465,10.20019,168.4499,960,0.043,0,4800,0.74,0.77
LHS 1903 c,LHS 1903,6.226185,2.046,4.55,559,0.05387,0.089,3664,0.539,0.538
TOI-2019 b,TOI-2019,15.3444,5.33275337,34.4,917.46,0.128,0,5626,1.7457,1.1832
TOI-1410.01,TOI-1410,1.21687,3.10083009,12.5,1236.7,0.0207,0,4635,0.7558,0.7941
TOI-283 b,TOI-283,17.61745,2.34,6.54,661,0.123,0,5213,0.85,0.8
WASP-175 b,WASP-175,3.0652907,13.540472,314.6517,1571,0.04403,0,6229,1.204,1.212
WASP-164 b,WASP-164,1.7771255,12.643752,676.9779,1610,0.02818,0,5806,0.932,0.946
HD 207496 b,HD 207496,6.441008,2.25,6.1,743,0.0629,0.231,4819,0.769,0.8
TOI-1807 b,TOI-1807,0.54937097,1.49681583,2.44,1694.1,0.0122,0,4914,0.746,0.8048
TOI-1801 b,TOI-1801,10.643985,1.96061882,16,431.03,0.075,0,3748,0.5128,0.5051
WASP-182 b,WASP-182,3.3769848,9.52765,47.03884,1479,0.0451,0,5638,1.34,1.076
TOI-4201 b,TOI-4201,3.5819134,12.66614819,816.819006,750,0.03924,0.083,3926,0.616,0.626
HD 332231 b,HD 332231,18.71204,9.718203,77.55052,876,0.1436,0.032,6089,1.277,1.127
TOI-125 c,TOI-125,9.15059,2.759,6.63,827.8,0.0814,0.066,5320,0.848,0.859
HAT-P-65 b,HAT-P-65,2.6054552,21.18501,167.49641,1930,0.03951,0.304,5835,1.86,1.212
HATS-6 b,HATS-6,3.3252725,11.186582,101.38777,712.8,0.03623,0,3724,0.57,0.574
TOI-837 b,TOI-837,8.3249102,9.71,116,1022,0.083,0,6000,1.036,1.109
K2-199 c,K2-199,7.3744897,2.85,12.4,694,0.0662,0.03,4491,0.682,0.711
WASP-84 b,WASP-84,8.5234865,10.559,220.565,797,0.0771,0,5314,0.748,0.842
HATS-5 b,HATS-5,4.763387,10.223,75.323,1025,0.0542,0.019,5304,0.871,0.936
TOI-4127 b,TOI-4127,56.39879,12.28504285,731.0053361,605.1,0.3081,0.7471,6096,1.293,1.23
TOI-5110 b,TOI-5110,30.158577,11.98240037,921.7023803,976,0.2157,0.745,6160,2.333,1.469
Wendelstein-1 b,Wendelstein-1,2.663416,11.5609626,188.15536,2198,0.0282,0.012,4251,0.61,0.65
HAT-P-42 b,HAT-P-42,4.641878,14.348,331.801,1428,0.0575,0,5743,1.53,1.178
TOI-2364 b,TOI-2364,4.0197517,8.60849718,71.51139158,1091,0.04871,0,5306,0.886,0.954
HATS-26 b,HATS-26,3.3023881,19.61575,206.5895,1918,0.04735,0.245,6071,2.04,1.299
TOI-1899 b,TOI-1899,29.02,12.89035,209.7678,362,0.1587,0.118,3841,0.607,0.627
HAT-P-9 b,HAT-P-9,3.92289,15.69,247.9,1530,0.053,0,6350,1.32,1.28
HD 136352 c,HD 136352,27.59221,2.916,11.24,677,0.1721,0,5664,1.058,0.87
HD 28109 c,HD 28109,56.00819,4.23,7.943,585.2,0.308,0.1203,6120,1.446,1.26
TOI-1478 b,TOI-1478,10.180249,11.88154,270.47333,918,0.0903,0.024,5597,1.048,0.947
Kepler-10 b,Kepler-10,0.8374907,1.47,3.26,2188,0.01685,0,5708,1.065,0.91
WASP-194 b,WASP-194,3.183387,15.47960235,373.1305498,1693,0.047,0,6405,1.409,1.29
TOI-1117 b,TOI-1117,2.22816,2.46,8.9,1538,0.033,0,5635,1.05,0.97
HATS-42 b,HATS-42,2.292102,15.6926,597.5204,1856,0.03689,0.229,6060,1.48,1.273
TOI-1742 b,TOI-1742,21.269084,2.36507598,9.7,694.09,0.154,0.3,5815,1.131,1.0861
K2-216 b,K2-216,2.1748,1.75,8,1103,0.028,0,4503,0.72,0.7
TOI-4214 b,TOI-4214,3.4913885,10.68215861,165.2707716,1642,0.05018,0.17,6370,1.434,1.382
TOI-1694 b,TOI-1694,3.770107,5.3422266,31.3,943.19,0.045,0,5058,0.8036,0.853
LTT 1445 A c,LTT 1445 A,3.1239035,1.147,1.54,508,0.02661,0.223,3340,0.265,0.257
KELT-24 b,KELT-24,5.55149,15.24421375,1334.879309,1473,0.067,0.05,6415,1.52,1.3
TOI-1685 b,TOI-1685,0.6691416,1.459,3.43,1052,0.011557,0,3461,0.459,0.46
TOI-1691 b,TOI-1691,16.7369,3.56505068,14.6,703.49,0.126,0,5642,1.009,0.9581
HATS-40 b,HATS-40,3.2642736,17.71022,505.3497,2101,0.04997,0.312,6460,2.26,1.561
TOI-1798.01,TOI-1798,8.02154,2.38506569,6.5,734.31,0.074,0,5106,0.7911,0.8543
TOI-733 b,TOI-733,4.884765,1.992,5.72,1055.8,0.0618,0.046,5585,0.949,0.956
Qatar-6 b,Qatar-6,3.506195,11.903958,212.31044,1006,0.0423,0,5052,0.722,0.822
WASP-132 c,WASP-132,1.01153624,1.841,6.26,1329,0.01833,0,4686,0.758,0.789
TOI-260 b,TOI-260,13.475815,1.47291596,3.3,438.59,0.091,0,4050,0.5468,0.5485
K2-419 A b,K2-419 A,20.35847252,10.55,196,377,0.1208,0.042,3711,0.541,0.562
TOI-5795 b,TOI-5795,6.1406325,5.62,23.66,1136.78,0.064,0.25,5715,1.082,0.901
TOI-169 b,TOI-169,2.2554477,12.172974,251.40353,1715,0.03524,0,5880,1.288,1.147
TOI-2076 b,TOI-2076,10.355096,2.77062554,16.1,687.68,0.088,0,5192,0.796,0.8557
WASP-117 b,WASP-117,10.02165,11.444,87.5585,1001,0.09459,0.302,6038,1.17,1.129
HATS-16 b,HATS-16,2.686502,14.5717,1039.3041,1592,0.03744,0,5738,1.238,0.97
HD 191939 b,HD 191939,8.88029,3.39,10.4,893,0.078,0,5348,0.94,0.81
HD 191939 c,HD 191939,28.5805,3.08,7.2,605,0.17,0,5348,0.94,0.81
HD 191939 d,HD 191939,38.3525,3.04,5.8,549,0.207,0,5348,0.94,0.81
TOI-1246 c,TOI-1246,5.904137,2.45109846,9.1,862.49,0.061,0,5213,0.8649,0.8889
HATS-13 b,HATS-13,3.0440499,13.585308,172.58169,1244,0.04057,0.181,5523,0.887,0.962
K2-237 b,K2-237,2.1805577,18.405178,392.83788,1838,0.0353,0,6099,1.38,1.23
HATS-15 b,HATS-15,1.74748753,12.385945,689.6911,1505,0.02712,0.126,5311,0.922,0.871
TOI-2076 c,TOI-2076,21.015327,3.69441587,55,543.16,0.142,0,5192,0.796,0.8557
TOI-2076 d,TOI-2076,35.125686,3.43087751,29,457.68,0.199,0,5192,0.796,0.8557
TOI-836 b,TOI-836,3.81673,1.704,4.53,871,0.0422,0.053,4552,0.665,0.678
TOI-1203 b,TOI-1203,4.1572888,1.52,3.51,1361.2,0.04869,0.067,5737,1.179,0.886
TOI-1203.01,TOI-1203,25.502672,2.918,7.39,743.6,0.1632,0.032,5737,1.179,0.886
WASP-93 b,WASP-93,2.7325321,17.900773,467.2101,1942,0.04211,0,6700,1.524,1.334
HAT-P-55 b,HAT-P-55,3.5852467,13.249038,184.97706,1313,0.04604,0.139,5808,1.011,1.013
TOI-4600 b,TOI-4600,82.6869,6.8,959.8417891,347,0.349,0.25,5170,0.81,0.89
TOI-181 b,TOI-181,4.532,6.9559,46.1687,895.1,0.0539,0.1543,4994,0.745,0.822
GJ 9827 c,GJ 9827,3.648096,1.241,1.3,813,0.03925,0.094,4305,0.602,0.606
HIP 65 A b,HIP 65 A,0.9809734,22.75427,1021.18779,1411,0.01782,0,4590,0.7242,0.781
TOI-1472 b,TOI-1472,6.36381,4.15964583,16.5,811.14,0.065,0,5133,0.8377,0.9154
TOI-2128 b,TOI-2128,16.34136,2.08874836,4.5,780.53,0.127,0,5968,1.1174,1.0251
TOI-2449 b,TOI-2449,106.14468,11.24,222,400,0.45,0.098,6021,1.065,1.079
TOI-3856 b,TOI-3856,2.04360352,13.59649359,171.6273398,1544,0.0325,0.083,5622,1.055,1.096
HATS-1 b,HATS-1,3.446459,14.594,589.55,1359,0.0444,0.12,5870,1.038,0.986
NGTS-21 b,NGTS-21,1.5433897,14.90794433,750.0750405,1357,0.0236,0,4660,0.86,0.72
TOI-2295 b,TOI-2295,30.033302,16.47720163,278.0998561,747,0.1992,0.334,5730,1.459,1.168
TOI-2031 A b,TOI-2031 A,5.71548654,14.20177855,254.2627256,1358,0.066,0.076,6490,1.241,1.174
HD 21520 b,HD 21520,25.1292,2.697,17.7,637,0.1726,0,5871,1.044,1.09
HAT-P-37 b,HAT-P-37,2.797436,13.204,371.528,1271,0.0379,0.058,5500,0.877,0.929
Kepler-43 b,Kepler-43,3.024095,13.45,1026.55,1637,0.0449,0.025,6041,1.42,1.32
K2-285 e,K2-285,14.76289,1.95,10.7,500.9,0.18041,0,4975,0.787,0.83
TOI-2986 b,TOI-2986,3.2783662,9.292245,96.61983573,1622,0.04489,0.14,5906,1.458,1.122
TOI-756 b,TOI-756,1.2392495,2.81,9.83,934,0.018,0,3657,0.505,0.505
TOI-1601 b,TOI-1601,5.331751,13.887951,314.6517,1619,0.06864,0.036,5948,2.186,1.517
HD 110113 b,HD 110113,2.541,2.05,4.55,1371,0.035,0.093,5732,0.968,0.997
TOI-1273 b,TOI-1273,4.631296,11.09689089,70.55790635,1211,0.0549,0.055,5690,1.06,1.06
TOI-1266 b,TOI-1266,10.8945,2.52,4.46,415,0.073,0.039,3563,0.4232,0.437
TOI-132 b,TOI-132,2.1097019,3.42,22.4,1395,0.026,0.059,5397,0.9,0.97
TOI-2207 b,TOI-2207,8.001968,11.1529358,203.4101805,1259,0.0854,0.174,6101,1.564,1.296
TRAPPIST-1 b,TRAPPIST-1,1.51087081,1.086,0.85,400.1,0.01111,0.081,2559,0.117,0.0802
WASP-72 b,WASP-72,2.2167421,14.24,491.3763,2210,0.03708,0,6250,1.98,1.386
K2-290 c,K2-290,48.36685,11.276254,246.00042,676,0.305,0,6302,1.511,1.194
WASP-19 b,WASP-19,0.78883852,15.86070769,366.7739817,2113,0.01652,0.0126,5616,1.006,0.965
K2-79 b,K2-79,10.9947,4.09,9.2,1022,0.0988,0.23,5897,1.265,1.066
K2-222 b,K2-222,15.38857,2.35,8.7,871,0.1206,0.16,5942,1.115,0.989
XO-3 b,XO-3,3.19152309,14.79585452,4217.582961,1890,0.04815,0.2791,6970,1.523,1.449
TOI-220 b,TOI-220,10.695264,3.03,13.8,805,0.08911,0.032,5298,0.858,0.825
WASP-99 b,WASP-99,5.75251,12.33,883.53,1480,0.0717,0,6180,1.76,1.48
WASP-5 b,WASP-5,1.6284279,12.184,502.15,1706,0.0267,0.038,5700,1.029,0.96
WASP-114 b,WASP-114,1.5487743,15.008851,562.24127,2043,0.02851,0.012,5940,1.43,1.289
WASP-12 b,WASP-12,1.0914203,21.2971,467.2101,2580,0.0234,0,6360,1.657,1.434
NGTS-6 b,NGTS-6,0.882059,14.863134,425.57437,1283.9,0.01677,0,4730,0.754,0.767
WD 1856+534 b,WD 1856+534,1.4079405,10.4,4386.054,163,0.0204,0,4710,0.0131,0.518
HAT-P-60 b,HAT-P-60,4.7947813,18.28184752,182.4335056,1772,0.06277,0.25,6212,2.197,1.435
TOI-3474 b,TOI-3474,3.8795105,14.67255574,193.8753283,1451,0.0502,0.13,6020,1.256,1.121
HD 63433 b,HD 63433,7.1079384,2.16351593,37.3,886.44,0.072,0,5634,0.9169,0.9883
NGTS-18 b,NGTS-18,3.05125,13.56286665,129.9918185,1381,0.0448,0,5610,1.392,1.003
K2-180 b,K2-180,8.8665,2.24179614,11.44182265,729,0.075,0,5110,0.69,0.71
TOI-836.01,TOI-836,8.59545,2.587,9.6,665,0.075,0.078,4552,0.665,0.678
WASP-195 b,WASP-195,5.051928,10.31226224,33.05415433,1522,0.063,0,6300,1.578,1.3
TOI-469.01,TOI-469,13.630828,3.42633318,5.9,703.39,0.11,0,5323,0.9839,0.9452
TOI-4336 A b,TOI-4336 A,16.336351,2.137,3.33,309.4,0.0849,0,3307,0.326,0.306
TOI-4336 A c,TOI-4336 A,7.587266,1.251,1.55,399.5,0.05092,0,3307,0.326,0.306
TOI-4342 b,TOI-4342,5.5382592,2.329,7.3,639,0.0519,0,3866,0.598,0.587
TOI-4342 c,TOI-4342,10.688662,2.349,4.8,514,0.0804,0,3866,0.598,0.587
L 168-9 b,L 168-9,1.40152604,1.63,4.07,998,0.0208,0,3842,0.604,0.614
TOI-564 b,TOI-564,1.651144,11.43318,464.98529,1714,0.02734,0.072,5640,1.088,0.998
TOI-1347 c,TOI-1347,4.841968,1.67761121,9,950.08,0.0546,0,5493,0.8401,0.9279
HAT-P-57 b,HAT-P-57,2.465295,15.838317,587.9855,2200,0.0406,0,7500,1.5,1.47
TOI-2134 c,TOI-2134,95.5,7.27,41.89,306,0.371,0.67,4580,0.709,0.744
TOI-1130 c,TOI-1130,8.350231,13.32,325.69,497.7,0.07191,0.0457,4350,0.695,0.712
TOI-2886 b,TOI-2886,1.60200105,18.6405349,444.9597698,1978,0.02871,0.11,6240,1.241,1.229
LP 791-18 c,LP 791-18,4.9899093,2.438,7.1,324.4,0.02961,8.00E-05,2960,0.182,0.139
LP 791-18 d,LP 791-18,2.753436,1.032,0.9,395.5,0.01992,0.0015,2960,0.182,0.139
TOI-1898 b,TOI-1898,45.52234,9.39553231,129,674.54,0.269,0.485,6241,1.6131,1.2484
TIC 257060897 b,TIC 257060897,3.66003639,17.26183028,201.50321,1775,0.04922,0.039,5993,1.863,1.187
V1298 Tau c,V1298 Tau,8.249164,5.08,4.7,953,0.0824,0.0094,4970,1.32,1.1
V1298 Tau d,V1298 Tau,12.401394,6.53,6,831,0.1081,0.0087,4970,1.32,1.1
V1298 Tau e,V1298 Tau,48.677714,10.17,15.3,527,0.2689,0.0124,4970,1.32,1.1
LHS 1903 e,LHS 1903,29.31773,1.732,5.79,333,0.15135,0.014,3664,0.539,0.538
Kepler-45 b,Kepler-45,2.455239,10.76,160.497,1000,0.03,0.11,3820,0.55,0.59
HD 106315 b,HD 106315,9.55237,2.44,12.6,1153,0.0907,0.093,6327,1.296,1.091
HD 106315 c,HD 106315,21.05704,4.35,15.2,886,0.1536,0.22,6327,1.296,1.091
WASP-189 b,WASP-189,2.724033,18.14733975,632.4785299,3353,0.05053,0,8000,2.36,2.03
Gliese 12 b,Gliese 12,12.761408,0.958,3.87,314.6,0.0668,0.5,3296,0.2617,0.2414
HAT-P-7 b,HAT-P-7,2.204737,15.043,564.442,2733,0.0377,0,6532.23,1.99356,1.347
HAT-P-51 b,HAT-P-51,4.2180278,14.493237,98.20947,1192,0.05069,0.123,5449,1.041,0.976
TOI-1130 b,TOI-1130,4.07445,3.56,19.28,632.17,0.04457,0.0541,4350,0.695,0.712
K2-3 d,K2-3,44.55603,1.458,2.2,305.2,0.2014,0.091,3844,0.546,0.549
TOI-5301 b,TOI-5301,5.858857,13.5292397,1080.616584,1682,0.06975,0.337,6240,2.19,1.483
K2-266 d,K2-266,14.697,2.93,8.9,538.3,0.1035,0.047,4285,0.703,0.686
K2-261 b,K2-261,11.6334681,9.26982704,68.96876432,1036,0.1086,0.274,5490,1.663,1.107
TOI-3714 b,TOI-3714,2.15484802,11.14172682,218.9837724,764,0.0263,0.047,3652,0.4958,0.522
TOI-1855 b,TOI-1855,1.36414864,18.49481816,360.0995851,1701,0.02398,0.033,5359,1.041,0.987
TOI-5882 b,TOI-5882,7.148973,11.83668362,7720.052006,1537,0.08445,0.0332,6060,2.334,1.549
WASP-141 b,WASP-141,3.310651,13.56289,854.9627,1540,0.0469,0,5900,1.37,1.25
TOI-5398 b,TOI-5398,10.590547,10.3,58.7,947,0.098,0.13,6000,1.051,1.146
TOI-4153 b,TOI-4153,4.6174141,16.11851425,365.5026681,1669,0.06311,0.039,6860,1.605,1.572
HD 97658 b,HD 97658,9.4903,2.247,7.55,757,0.08,0.078,5170,0.741,0.77
HD 118203 b,HD 118203,6.134989,12.55405838,693.5015841,1371,0.0701,0.301,5788,2.03,1.22
HATS-31 b,HATS-31,3.37796,18.38276,279.6904,1823,0.0478,0.233,6050,1.87,1.275
TOI-1136 g,TOI-1136,39.5387,2.53,12.2,574,0.23,0,5805,0.9573,1.0404
TOI-1062 b,TOI-1062,4.11296,2.265,10.15,1077,0.052,0.177,5328,0.84,0.94
Kepler-10 c,Kepler-10,45.294301,2.355,11.4,578,0.241,0.13,5708,1.065,0.91
TOI-1347 b,TOI-1347,0.84742431,1.81434694,12.2,1698.5,0.0171,0,5493,0.8401,0.9279
K2-39 b,K2-39,4.60497,5.71,39.8,1670,0.0574,0.152,4912,2.93,1.192
TOI-1736 b,TOI-1736,7.073088,2.44,12.8,1076,0.074,0.21,5807,1.15,1.08
HD 219134 b,HD 219134,3.092926,1.602,4.74,1015,0.03876,0,4699,0.778,0.81
HD 219134 c,HD 219134,6.76458,1.511,4.36,782,0.0653,0.062,4699,0.778,0.81
HAT-P-67 b,HAT-P-67,4.8101025,23.370765,108.0622,1903,0.06505,0,6406,2.546,1.642
TOI-5076 b,TOI-5076,23.443162,3.48935569,16.14568308,550,0.1481,0,4780,0.844,0.789
WASP-116 b,WASP-116,6.6132,13.67495645,203.4101805,1414,0.065,0,6250,1.426,1.25
TOI-1272 b,TOI-1272,3.31599,4.13204907,27,975,0.0417,0.35,5065,0.7934,0.8772
HATS-62 b,HATS-62,3.2768837,11.825495,56.89157,1237,0.04163,0.298,5416,0.933,0.896
HATS-68 b,HATS-68,3.5862202,13.809488,410.0007,1741,0.05071,0.036,6147,1.748,1.351
WASP-57 b,WASP-57,2.838971,10.267,213.573,1251,0.0386,0,5600,0.836,0.954
Kepler-426 b,Kepler-426,3.21751883,12.22,108.06,1300,0.0414,0.18,5725,0.92,0.91
TOI-1749 d,TOI-1749,9.0497,2.52,15,533,0.0707,0.062,3985,0.55,0.58
TOI-640 b,TOI-640,5.0037775,19.851139,279.6904,1749,0.06608,0.05,6460,2.082,1.536
TOI-2346 b,TOI-2346,3.3312029,16.11851425,394.1072247,1689,0.0473,0.086,6480,1.38,1.271
HAT-P-62 b,HAT-P-62,2.6453235,12.02723629,241.8674177,1512,0.03772,0.101,5629,1.17,1.023
TOI-1298 b,TOI-1298,4.537143,9.65807033,99,1278,0.057,0,5752,1.4536,1.2187
TOI-1836 b,TOI-1836,20.380845,8.28055741,24.7,889.51,0.157,0,6237,1.6454,1.2518
CoRoT-12 b,CoRoT-12,2.828042,16.14,291.438,1442,0.04016,0.07,5675,1.116,1.078
K2-30 b,K2-30,4.09849,11.982421,187.20187,1203,0.0419,0.08,5575,0.839,0.917
HATS-3 b,HATS-3,3.547851,15.48,340.382,1648,0.0485,0,6351,1.404,1.209
TOI-3568 b,TOI-3568,4.417965,5.3,26.4,899,0.0485,0.035,4969,0.719,0.78
TOI-150.01,TOI-150,5.857487,14.067295,797.7533,1404.5,0.07037,0.262,6255,1.526,1.351
TOI-1836 c,TOI-1836,1.7727471,2.59987579,8,2007.6,0.03089,0,6237,1.6454,1.2518
HATS-61 b,HATS-61,7.817953,13.394755,1080.622,1226.1,0.07908,0.092,5542,1.664,1.076
HR 858 c,HR 858,5.973865,1.979,3.8,1309,0.0687,0,6354,1.258,1.204
TOI-216.02,TOI-216,17.089,7.69,30,628,0.1293,0.132,5026,0.838,0.874
TOI-1470 b,TOI-1470,2.527093,2.18,7.32,734,0.0285,0.3,3709,0.469,0.471
TOI-1518 b,TOI-1518,1.902603,21.01683881,731.0053361,2492,0.0389,0.01,7300,1.95,1.79
TOI-2145 b,TOI-2145,10.26075,11.98240037,1671.777421,1484,0.1108,0.208,6177,2.749,1.72
HD 25463 b,HD 25463,7.049144,2.62,8.5,1290,0.076,0,6220,1.41,1.19
WASP-149 b,WASP-149,1.332813,15.24421375,314.9679513,1855,0.024,0,5750,1.08,1.05
HIP 116454 b,HIP 116454,9.1004157,2.469,9.7,753.2,0.0792,0.215,5048,0.758,0.8
HD 183579 b,HD 183579,17.471278,3.55,19.7,769,0.1334,0.28,5788,0.985,1.031
TOI-5349 b,TOI-5349,3.317921,10.2,127.4,719,0.0369,0.03,3751,0.58,0.61
TOI-1776 b,TOI-1776,2.799868,1.21612741,1.4,1269.21,0.0378,0,5785,0.9356,0.9196
TOI-2421 b,TOI-2421,4.3474032,10.36830715,105.8368595,1534,0.0543,0,5607,1.75,1.131
HAT-P-36 b,HAT-P-36,1.327347,14.168,582.24,1823,0.0238,0.063,5560,1.096,1.022
TOI-6054.01,TOI-6054,7.501428,2.64,12.5,1360,0.0763,0.164,6047,1.662,1.107
WASP-190 b,WASP-190,5.367753,12.89035,317.83,1500,0.0663,0,6400,1.6,1.35
Wolf 327 b,Wolf 327,0.5734745,1.24,2.53,996,0.01,0,3542,0.406,0.405
TOI-4137 b,TOI-4137,3.8016122,13.57407563,457.6729061,1570,0.05222,0,6202,1.438,1.313
HIP 97166 b,HIP 97166,10.28891,2.74,20,757,0.089,0.16,5198,0.836,0.898
TOI-3629 b,TOI-3629,3.936551,8.29464572,82.63538582,690,0.043,0.05,3870,0.6,0.63
HATS-30 b,HATS-30,3.1743516,13.170575,224.38798,1414,0.04354,0.096,5943,1.061,1.093
TOI-561 c,TOI-561,10.778831,2.91,5.39,800,0.0884,0.03,5372,0.843,0.806
TOI-4562 b,TOI-4562,225.11781,12.53,732,318,0.768,0.76,6096,1.152,1.192
K2-136 b,K2-136,7.9752,1.014,4.3,610,0.0707,0.14,4500,0.677,0.742
TOI-5800 b,TOI-5800,2.6278838,2.46,9.5,1108,0.0344,0.3,4850,0.773,0.778
HATS-18 b,HATS-18,0.8378434,14.986433,629.3034,2060,0.01761,0.166,5600,1.02,1.037
WASP-133 b,WASP-133,2.176423,13.56289,368.6828,1790,0.0345,0.17,5700,1.44,1.16
HATS-54 b,HATS-54,2.5441765,11.37711541,239.3247905,1429,0.037,0,5621,1.23,1.05
HAT-P-29 b,HAT-P-29,5.723186,12.408,247.261,1260,0.0667,0.095,6087,1.224,1.207
K2-98 b,K2-98,10.1367349,5.06645928,34.00763955,1185,0.0986,0.119,6260,1.518,1.246
WASP-150 b,WASP-150,5.644207,11.99363,2688.8418,1460,0.0694,0.3775,6218,1.651,1.394
HATS-71 b,HATS-71,3.7955202,11.478016,117.5971,586.8,0.03745,0,3405,0.4783,0.4861
WASP-193 b,WASP-193,6.2463475,14.78464554,35.59678158,1250,0.0668,0.081,6080,1.213,1.018
HATS-48 A b,HATS-48 A,3.1316666,8.9672,77.23269,954.6,0.03769,0.162,4546,0.7152,0.7279
L 98-59 b,L 98-59,2.2531,0.8,1.01,610,0.02282,0.12,3412,0.314,0.312
L 98-59 c,L 98-59,3.6904,1.35,2.42,517,0.0317,0.07,3412,0.314,0.312
L 98-59 d,L 98-59,7.4512,1.57,2.31,409,0.0506,0.09,3412,0.314,0.312
Wolf 503 b,Wolf 503,6.00127,2.043,6.26,790,0.05706,0.41,4716,0.689,0.688
HAT-P-61 b,HAT-P-61,1.90231289,10.07687365,335.9446262,1505,0.0301,0.113,5587,0.938,1.004
HATS-63 b,HATS-63,3.0566527,13.529263,305.1168,1398.3,0.04026,0.136,5627,1.07,0.931
TOI-1266 c,TOI-1266,18.80151,1.56,2.2,344,0.1058,0.04,3600,0.42,0.45
TOI-763 c,TOI-763,12.2737,2.63,9.32,800,0.1011,0.04,5450,0.897,0.917
WASP-59 b,WASP-59,7.919585,8.687,274.276,670,0.0697,0.1,4650,0.613,0.719
HAT-P-69 b,HAT-P-69,4.7869491,18.786284,1137.8314,1930,0.06555,0,7394,1.926,1.648
TOI-2443 b,TOI-2443,15.66858,2.363,4.8,519,0.105,0.301,4375,0.631,0.642
WASP-174 b,WASP-174,4.2337005,16.10730527,104.8833743,1528,0.05503,0,6399,1.347,1.24
TOI-3837 b,TOI-3837,11.88865,10.87271128,187.5187601,1178,0.099,0.221,5905,1.2,0.89
HATS-24 b,HATS-24,1.3484954,16.667783,775.5052,2067,0.02547,0.242,6346,1.172,1.212
Kepler-68 c,Kepler-68,9.605027,0.979,1.3,1052,0.09008,0.099,5847,1.2564,1.057
K2-136 d,K2-136,25.575,1.565,3,420,0.1538,0.071,4500,0.677,0.742
TOI-1422 b,TOI-1422,12.9972,3.96,9,867,0.108,0.04,5840,1.019,0.981
HATS-38 b,HATS-38,4.375021,6.882326,23.51942,1294,0.05036,0,5732,1.105,0.89
CoRoT-18 b,CoRoT-18,1.9000693,14.68,1102.82,1550,0.0295,0.08,5440,1,0.95
TOI-561 b,TOI-561,0.446573,1.45,3.2,2480,0.01064,0,5326,0.832,0.805
TOI-6303 b,TOI-6303,9.485236,11.59,2493,541,0.0761,0.02,3977,0.609,0.644
K2-260 b,K2-260,2.62669762,18.41635529,546.66486,2090,0.04392,0.053,6860,1.755,1.637
TOI-559 b,TOI-559,6.9839095,12.22899794,1910.148726,1180,0.0723,0.151,5925,1.233,1.026
TOI-4463 A b,TOI-4463 A,2.8807198,13.26022417,252.3557552,1395,0.04036,0,5640,1.062,1.056
TOI-2406 b,TOI-2406,3.0766891,2.86,15.6,449,0.02267,0.17,3100,0.204,0.166
WASP-126 b,WASP-126,3.2888,10.76064,88.9924,1480,0.0449,0.18,5800,1.27,1.12
TOI-6034 b,TOI-6034,2.576184,11.92,254,714,0.02949,0.04,3635,0.489,0.514
Kepler-323 c,Kepler-323,3.5538229,1.57,6.8,1431,0.0458,0.095,6004,1.12,1.015
TOI-2567 b,TOI-2567,5.983944,10.92875618,63.88350981,1352,0.0672,0,5611,1.686,1.13
TOI-500 b,TOI-500,0.548177,1.166,1.42,1617,0.01189,0.063,4440,0.678,0.74
TOI-762 A b,TOI-762 A,3.4716826,8.33948164,79.77493016,555.4,0.03418,0.083,3266,0.425,0.442
Kepler-44 b,Kepler-44,3.24674,13.9,324.17,1603,0.0455,0.021,5757,1.52,1.19
HATS-8 b,HATS-8,3.583893,9.785457,43.86054,1324,0.04667,0.376,5679,1.086,1.056
TOI-776 c,TOI-776,15.6653,2.02,5.3,415,0.1,0.04,3709,0.538,0.544
HAT-P-39 b,HAT-P-39,3.54387,17.609,190.372,1752,0.0509,0,6430,1.625,1.404
HAT-P-44 b,HAT-P-44,4.301219,13.922,111.871,1108,0.0507,0.044,5295,0.949,0.942
TOI-5232 b,TOI-5232,4.0966692,12.778238,743.7184724,1772,0.05593,0.035,6500,1.785,1.389
TOI-1759 b,TOI-1759,18.85018,3.12029598,15,387.96,0.115,0,3930,0.5745,0.5666
NGTS-31 b,NGTS-31,4.162734,18.04645893,355.9678158,1410,0.064,0,5710,1.7,0.96
WASP-180 A b,WASP-180 A,3.409264,13.89916,286.047,1540,0.048,0,6600,1.19,1.3
TOI-1798.02,TOI-1798,0.4378146,1.39939037,5.6,1935.83,0.0107,0,5106,0.7911,0.8543
TOI-1695 b,TOI-1695,3.1342791,1.9,6.36,698,0.033548,0.097,3690,0.515,0.513
NGTS-8 b,NGTS-8,2.4997,12.21781,295.5819,1345,0.035,0.01,5241,0.98,0.89
K2-232 b,K2-232,11.168459,11.859122,123.00021,1001,0.0991,0.255,5888,1.233,1.039
HD 15337 b,HD 15337,4.75615,1.64,7.51,1001,0.0522,0.09,5125,0.856,0.9
HD 15337 c,HD 15337,17.1784,2.39,8.11,642,0.1268,0.05,5125,0.856,0.9
LTT 9779 b,LTT 9779,0.792052,4.72,29.32,1978,0.01679,0,5443,0.949,1.02
WASP-76 b,WASP-76,1.809886,20.51247,292.4036,2160,0.033,0,6250,1.73,1.46
TOI-270 b,TOI-270,3.3601538,1.206,1.58,581,0.03197,0.034,3506,0.378,0.386
TOI-270 c,TOI-270,5.6605731,2.355,6.15,488,0.04526,0.027,3506,0.378,0.386
TOI-270 d,TOI-270,11.379573,2.133,4.78,387,0.0721,0.032,3506,0.378,0.386
TOI-1201 b,TOI-1201,2.4919863,2.415,6.28,703,0.0287,0,3476,0.508,0.512
Qatar-9 b,Qatar-9,1.540731,11.309881,378.2177,1134,0.0234,0,4309,0.696,0.719
TOI-5293 A b,TOI-5293 A,2.930289,11.9,170.4,675,0.034,0.38,3586,0.52,0.54
TOI-1439 b,TOI-1439,27.644,4.2427861,38.5,748.4,0.192,0.157,5841,1.6184,1.2313
KOI-94 e,KOI-94,54.32031,6.56,35,584,0.3046,0.019,6182,1.52,1.277
TOI-2328 b,TOI-2328,17.10197,9.97599282,50.85254512,842,0.127,0.057,5525,0.9,0.95
NGTS-9 b,NGTS-9,4.43527,11.99363,921.707,1448,0.058,0.06,6330,1.38,1.34
HD 89345 b,HD 89345,11.8143,7.263432,38.45743,1068,0.1115,0.22,5622,1.733,1.324
Kepler-107 c,Kepler-107,4.901452,1.597,9.39,1379,0.06064,0,5854,1.447,1.238
NGTS-4 b,NGTS-4,1.3373508,3.18,20.6,1650,0.019,0,5143,0.84,0.75
HD 260655 c,HD 260655,5.70588,1.533,3.09,557,0.04749,0.038,3803,0.439,0.439
TOI-905 b,TOI-905,3.739494,13.125739,211.99261,1192,0.04666,0.024,5570,0.918,0.968
HAT-P-43 b,HAT-P-43,3.332687,14.359,210.395,1361,0.0443,0,5645,1.103,1.048
TOI-1296 b,TOI-1296,3.9443736,14.11645916,95.3,1414.84,0.051,0,5567,1.7031,1.1576
GJ 3090 b,GJ 3090,2.8531054,2.13,3.34,693,0.03165,0.32,3556,0.516,0.519
TOI-421 c,TOI-421,16.06819,5.09,16.42,673.6,0.1189,0.152,5325,0.871,0.852
HD 23472 b,HD 23472,17.667087,2,8.32,543,0.1162,0.072,4684,0.71,0.67
HD 23472 c,HD 23472,29.79749,1.87,3.41,467,0.1646,0.063,4684,0.71,0.67
HD 23472 d,HD 23472,3.97664,0.75,0.55,909,0.04298,0.07,4684,0.71,0.67
HD 23472 e,HD 23472,7.90754,0.818,0.72,723,0.068,0.07,4684,0.71,0.67
HD 23472 f,HD 23472,12.1621839,1.137,0.77,630,0.0906,0.07,4684,0.71,0.67
TOI-2447 b,TOI-2447,69.33684,9.60609646,124.906564,414,0.347,0.17,5730,1.006,1.034
HIP 8152 b,HIP 8152,10.75101,2.56,7.8,855,0.092,0.14,5530,0.95,0.91
HIP 8152 c,HIP 8152,19.6053,2.48,9.4,699,0.138,0.28,5530,0.95,0.91
TOI-5616 b,TOI-5616,2.002849,10.78,624,939,0.0272,0,3996,0.646,0.666
WASP-155 b,WASP-155,3.110413,13.45077684,276.8285425,1468,0.043,0,5660,1.24,1.09
TOI-776 b,TOI-776,8.24661,1.85,4,514,0.0652,0.06,3709,0.538,0.544
HAT-P-46 b,HAT-P-46,4.463129,14.392,156.684,1458,0.0577,0.123,6120,1.396,1.284
TOI-6330 b,TOI-6330,6.8500246,10.89,3179,495,0.05763,0.34,3539,0.49,0.531
HATS-77 b,HATS-77,3.0876262,13.05846252,436.6962312,828.3,0.03607,0.045,4071,0.6428,0.655
XO-6 b,XO-6,3.7650007,23.20263,1398.452,1577,0.0815,0,6720,1.93,1.47
HATS-53 b,HATS-53,3.8537768,15.02006,189.10885,1312,0.04753,0.33,5644,1.101,0.964
KELT-8 b,KELT-8,3.24406,20.84874,275.55861,1675,0.04571,0.035,5754,1.67,1.211
KELT-4 A b,KELT-4 A,2.9895932,19.044091,286.68266,1823,0.04317,0,6206,1.603,1.201
TOI-2088 b,TOI-2088,124.72997,3.6831179,37,300.33,0.472,0,5081,0.8481,0.9027
TRAPPIST-1 g,TRAPPIST-1,12.35294,1.127,1.34,198.6,0.0451,0.061,2559,0.117,0.0802
TOI-125 b,TOI-125,4.65382,2.726,9.5,1037,0.05186,0.194,5320,0.848,0.859
Qatar-4 b,Qatar-4,1.8053564,12.722215,1938.763,1385,0.02803,0,5215,0.849,0.896
TOI-2169 A b,TOI-2169 A,8.2148282,12.50922246,329.5880581,1364,0.0896,0.045,6270,1.82,1.42
HATS-25 b,HATS-25,4.2986432,14.12334,194.82979,1277,0.05163,0.176,5715,1.107,0.994
TOI-6651 b,TOI-6651,5.056973,5.09,61,1493,0.0633,0.091,5940,1.721,1.323
Kepler-75 b,Kepler-75,8.884924,11.55,3146.4,850,0.08,0.569,5330,0.88,0.88
HAT-P-17 b,HAT-P-17,10.338523,11.321,169.71,792,0.0882,0.342,5246,0.838,0.857
TOI-1136 e,TOI-1136,18.80693,2.5456702,24,669.11,0.14,0,5805,0.9573,1.0404
WASP-168 b,WASP-168,4.153658,16.8135,133.4886,1340,0.0519,0,6000,1.12,1.08
TOI-2158 b,TOI-2158,8.60077,10.76062147,260.6192937,1188,0.075,0.07,5673,1.41,1.12
TOI-4603 b,TOI-4603,7.24599,11.67975789,4096.808166,1677,0.0888,0.325,6264,2.738,1.765
K2-131 b,K2-131,0.3693038,1.69,7.9,2223,0.00936,0,5120,0.7595,0.803
HATS-66 b,HATS-66,3.1414391,15.815899,1694.0339,1998,0.04714,0.064,6626,1.841,1.411
K2-285 b,K2-285,3.471745,2.59,9.68,1088.9,0.03817,0,4975,0.787,0.83
TOI-5153 b,TOI-5153,20.33003,11.88151954,1036.120607,906,0.158,0.091,6300,1.4,1.24
TOI-1052 b,TOI-1052,9.139703,2.87,16.9,1135,0.09103,0.18,6146,1.264,1.204
TOI-5205 b,TOI-5205,1.630757,11.6,343,737,0.0199,0.02,3430,0.394,0.392
HATS-52 b,HATS-52,1.36665436,15.490838,711.9392,1834,0.02498,0.246,6010,1.046,1.111
K2-329 b,K2-329,12.4551225,8.675766,82.6358,650,0.1016,0.0697,5282,0.822,0.901
HAT-P-33 b,HAT-P-33,3.474474,18.898,242.176,1782,0.0499,0,6446,1.637,1.375
TOI-521 b,TOI-521,1.54285047,1.98,5.3,794,0.0195,0,3544,0.421,0.42
NGTS-1 b,NGTS-1,2.647298,14.90797,258.07796,790,0.0326,0.016,3916,0.573,0.617
TOI-1820 b,TOI-1820,4.860674,12.778238,731.0053361,1375,0.061,0.043,5734,1.51,1.04
TOI-6383 A b,TOI-6383 A,1.79058695,11.29,331,745,0.02292,0.05,3444,0.457,0.458
K2-3 c,K2-3,24.646582,1.69,3.3,381,0.1414,0.095,3835,0.6,0.62
TOI-1467 b,TOI-1467,5.97199,1.6759955,9,506.07,0.0495,0,3776,0.4565,0.4518
LTT 3780 b,LTT 3780,0.768377,1.35,2.34,1000,0.01203,0.064,3360,0.382,0.379
TOI-1075 b,TOI-1075,0.6047328,1.791,9.95,1323,0.01159,0,3875,0.581,0.604
WASP-106 b,WASP-106,9.289715,12.162,611.797,1140,0.0917,0,6055,1.393,1.192
WASP-130 b,WASP-130,11.55098,9.97601,390.9309,833,0.1012,0,5625,0.96,1.04
K2-287 b,K2-287,14.893291,9.494023,100.11645,804,0.1206,0.478,5695,1.07,1.056
TOI-1288 b,TOI-1288,2.6998279,4.96846551,44.1,1203.44,0.0374,0,5388,0.9583,0.9552
TOI-4406 b,TOI-4406,30.08364,11.2089807,95.3485221,904,0.201,0.15,6219,1.29,1.19
GJ 367 b,GJ 367,0.3219225,0.699,0.633,1365,0.00709,0.06,3522,0.458,0.455
TOI-2498 b,TOI-2498,3.738252,6.06,34.62,1443,0.0491,0.089,5905,1.26,1.12
TOI-1443 b,TOI-1443,23.540678,2.30381001,30,520.66,0.147,0,5224,0.7511,0.7663
HATS-76 b,HATS-76,1.9416423,12.09449018,835.570882,939.8,0.02658,0.062,4016,0.6259,0.662
Kepler-102 c,Kepler-102,7.071392,0.567,1.7,777,0.06702,0.094,4909,0.724,0.803
TOI-3160 A b,TOI-3160 A,3.971281,13.7646283,378.2158043,1539,0.0505,0.18,6190,1.346,1.088
TOI-3331 A b,TOI-3331 A,2.0180231,12.97999965,721.4704839,1488,0.03144,0,5609,0.952,1.016
Kepler-41 b,Kepler-41,1.8555582,14.46,177.98,1790,0.03101,0,5750,1.29,1.15
WASP-124 b,WASP-124,3.37265,13.89916,190.698,1400,0.0449,0.017,6050,1.02,1.07
HD 20329 b,HD 20329,0.926118,1.72,7.42,2141,0.018,0,5596,1.13,0.9
HD 135694 b,HD 135694,15.92346,2.51,5.7,815,0.12,0.42,5710,1.05,0.9
TOI-1803 b,TOI-1803,6.293287,2.99,10.32,747,0.06,0,4687,0.715,0.756
WASP-184 b,WASP-184,5.1817,14.90797,181.1631,1480,0.0627,0,6000,1.65,1.23
TOI-2120 b,TOI-2120,5.7998164,2.122,6.8,384,0.0377,0.32,3131,0.245,0.211
TOI-1173 b,TOI-1173,7.06466,9.19,27.4,868,0.0696,0.023,5350,0.934,0.911
LHS 1140 b,LHS 1140,24.73723,1.73,5.6,226,0.0946,0.043,3096,0.2159,0.1844
NGTS-12 b,NGTS-12,7.532806,11.747032,66.10864,1257,0.0757,0,5690,1.589,1.021
LTT 1445 A b,LTT 1445 A,5.3587657,1.305,2.87,424,0.03813,0.11,3340,0.265,0.257
K2-295 b,K2-295,4.024867,10.054473,106.47305,852,0.0451,0,4444,0.7,0.74
TOI-5788 b,TOI-5788,6.340758,1.528,3.72,910,0.064,0.061,5615,0.87,0.87
TOI-5788 c,TOI-5788,16.213362,2.272,6.4,667,0.1197,0.046,5615,0.87,0.87
WASP-68 b,WASP-68,5.084298,13.9,301.93,1490,0.06206,0,5911,1.69,1.24
TOI-954 b,TOI-954,3.6849729,9.550068,55.30242,1526,0.04963,0.14,5710,1.892,1.201
Kepler-93 b,Kepler-93,4.72673978,1.478,4.66,1133,0.05343,0,5669,0.919,0.911
HAT-P-34 b,HAT-P-34,5.452654,13.417,1057.694,1520,0.0677,0.441,6442,1.535,1.392
Qatar-5 b,Qatar-5,2.8792319,12.408363,1373.0256,1415,0.04127,0,5747,1.076,1.128
HATS-70 b,HATS-70,1.8882378,15.513256,4100.007,2730,0.03632,0.18,7930,1.881,1.78
TOI-2093 c,TOI-2093,53.81149,2.3,15.8,329,0.257,0,4426,0.729,0.745
HATS-64 b,HATS-64,4.908897,18.819911,305.1168,1793,0.06562,0.151,6554,2.113,1.564
TOI-1221 b,TOI-1221,91.68278,2.91,1112.399425,440,0.387,0.21,5592,1.031,0.93
HAT-P-4 b,HAT-P-4,3.056536,14.28,213.255,1686,0.04438,0,5860,1.596,1.248
CoRoT-4 b,CoRoT-4,9.20205,13.34,228.83,1074,0.09,0,6190,1.17,1.16
TOI-2524 b,TOI-2524,7.18585,11.2089807,203.4101805,1100,0.073,0,5831,1.119,1.007
TOI-2025 b,TOI-2025,8.872078,12.52043144,1398.444991,1167,0.092,0.41,5880,1.56,1.32
TOI-669 b,TOI-669,3.945152,2.58606487,10,1124.85,0.048,0,5597,0.9882,0.9245
NGTS-13 b,NGTS-13,4.119027,12.800678,1538.2972,1605,0.0549,0.086,5819,1.788,1.3
TOI-1260 d,TOI-1260,16.608164,3.12,11.84,499,0.1116,0,4227,0.672,0.679
GJ 1252 b,GJ 1252,0.5182349,1.193,2.09,1089,0.00916,0,3458,0.391,0.381
TOI-1174 b,TOI-1174,8.953458,2.5064654,32,713.83,0.08,0,5158,0.7847,0.8425
TRAPPIST-1 c,TRAPPIST-1,2.4218233,1.056,1.38,341.9,0.01521,0.083,2559,0.117,0.0802
HAT-P-13 b,HAT-P-13,2.91626,14.359,271.098,1653,0.0427,0.021,5653,1.56,1.22
HAT-P-40 b,HAT-P-40,4.457243,19.392,195.457,1770,0.0608,0,6080,2.206,1.512
WASP-77 A b,WASP-77 A,1.36002854,13.78704626,529.8199545,1715,0.02335,0.0074,5617,0.91,0.903
WASP-80 b,WASP-80,3.06785234,11.197791,170.99254,825,0.0344,0.002,4143,0.586,0.577
AU Mic c,AU Mic,18.859019,3.24,13.6,454,0.1101,0,3700,0.75,0.5
WASP-95 b,WASP-95,2.184673,13.56,359.13,1570,0.03416,0,5630,1.13,1.11
K2-32 c,K2-32,20.6602,3.01,12.1,619,0.1399,0,5275,0.845,0.856
K2-285 d,K2-285,10.45582,2.48,6.5,619.9,0.1178,0,4975,0.787,0.83
HAT-P-12 b,HAT-P-12,3.2130598,10.749,67.059,963,0.0384,0,4650,0.701,0.733
TOI-6016 b,TOI-6016,4.023687,13.67495645,371.8592362,1890,0.055,0,6110,1.51,1.31
TOI-1775 b,TOI-1775,10.2405549,8.04728896,96,707.89,0.08,0,5284,0.8288,0.9218
TOI-2015 b,TOI-2015,3.348968,3.39,16.4,512,0.0301,0,3194,0.333,0.342
TOI-4145 A b,TOI-4145 A,4.0664428,13.30506009,136.666215,1074,0.04823,0,5281,0.859,0.905
HATS-28 b,HATS-28,3.1810781,13.383546,213.58176,1253,0.04131,0.202,5498,0.922,0.929
TOI-912 b,TOI-912,4.6780691,1.93,5.1,551,0.041,0.58,3572,0.419,0.418
TOI-5398 c,TOI-5398,4.77271,3.52,11.8,1242,0.057,0.14,6000,1.051,1.146
TOI-5422 b,TOI-5422,5.377219,9.10169233,8899.195396,1369,0.0619,0.094,5820,1.474,1.066
HAT-P-8 b,HAT-P-8,3.0763776,16.81,483.08,1700,0.0487,0,6200,1.58,1.28
Kepler-5 b,Kepler-5,3.54846,16.04,671.864,1868,0.05064,0.024,6297,1.793,1.374
HAT-P-22 b,HAT-P-22,3.21222,12.106,682.352,1283,0.0414,0.016,5302,1.04,0.916
WASP-6 b,WASP-6,3.36100208,13.78707,154.14755,1184,0.0414,0.054,5375,0.864,0.836
Kepler-6 b,Kepler-6,3.234723,14.83,212.619,1500,0.04567,0,5647,1.391,1.209
HATS-27 b,HATS-27,4.637038,16.8135,168.4499,1659,0.0611,0.581,6438,1.74,1.415
KELT-3 b,KELT-3,2.7033904,15.076,469.415,1816,0.04122,0,6306,1.472,1.278
WASP-17 b,WASP-17,3.735438,22.317119,154.46538,1771,0.0515,0.028,6650,1.572,1.306
WASP-97 b,WASP-97,2.07276,12.67,419.52,1555,0.03303,0,5640,1.06,1.12
HIP 9618 b,HIP 9618,20.772907,3.9,10,663.4,0.1438,0.22,5609,0.9662,1.022
KELT-7 b,KELT-7,2.7347749,17.183397,406.8224,2048,0.04415,0,6789,1.732,1.535
KELT-11 b,KELT-11,4.73620865,15.13212395,65.15482343,1712,0.0623,0,5375,2.69,1.44
WASP-28 b,WASP-28,3.40883,13.597,288.26,1468,0.04469,0,6150,1.094,1.021
KOI-13 b,KOI-13,1.763588,16.948008,2949.4624,2550,0.03641,0.00064,7650,1.74,1.72
TOI-7510 b,TOI-7510,11.530869,7.31,18.1,878,0.1019,0.0572,5720,1.035,1.063
WASP-96 b,WASP-96,3.4252602,13.45,152.55,1285,0.0453,0,5540,1.05,1.06
Ross 176 b,Ross 176,5.0066338,1.84,4.57,682,0.0464,0.25,4041,0.569,0.577
TOI-1811 b,TOI-1811,3.7130765,11.14172682,308.9292116,962.2,0.04389,0.052,4766,0.769,0.817
GJ 1132 b,GJ 1132,1.62892911,1.19151465,1.83704819,583.8,0.0157,0.0118,3229,0.2211,0.1945
K2-114 b,K2-114,11.390931,10.59248676,638.8350981,701.4,0.0944,0.079,4899,0.832,0.863
TOI-2876 b,TOI-2876,6.2996431,9.6397234,54.03082919,929,0.0654,0.13,5271,0.873,0.939
TOI-172 b,TOI-172,9.47725,10.816685,1722.6386,1198,0.0914,0.3806,5645,1.777,1.128
NGTS-30 b,NGTS-30,98.29838,10.40193409,305.1152707,500,0.408,0.294,5455,0.913,0.94
TIC 393818343 b,TIC 393818343,16.24921,12.18416202,1379.375286,805.5,0.1291,0.6058,5756,1.086,1.082
K2-32 b,K2-32,8.99213,5.13,16.5,817,0.08036,0,5275,0.845,0.856
TOI-3523 A b,TOI-3523 A,2.30458952,15.9727975,435.4249176,1984,0.03559,0.047,6450,1.448,1.131
WASP-148 b,WASP-148,8.80381,8.092898,92.48853,940,0.0845,0.22,5460,1.03,1
TOI-1937 A b,TOI-1937 A,0.94667944,13.97759893,638.8350981,2097,0.01932,0,5814,1.08,1.072
TOI-1107 b,TOI-1107,4.0782387,14.57167491,1064.725163,1728,0.0561,0.025,6311,1.81,1.35
WASP-82 b,WASP-82,2.705785,19.17,397.27,2200,0.0448,0,6480,2.219,1.64
TOI-1259 A b,TOI-1259 A,3.477978,11.45557828,140.1623275,963,0.0407,0,4775,0.711,0.744
TOI-2196 b,TOI-2196,1.1947268,3.51,26,1860,0.02234,0,5634,1.043,1.032
HAT-P-56 b,HAT-P-56,2.7908327,16.432394,692.8694,1840,0.0423,0.246,6566,1.428,1.296
TOI-1180 b,TOI-1180,9.686753,3.03617429,10,638.18,0.082,0,4804,0.7425,0.7795
HATS-34 b,HATS-34,2.1061607,16.02887,299.07803,1445,0.03166,0.108,5380,0.98,0.955
WASP-162 b,WASP-162,9.62468,11.209,1652.716,910,0.0871,0.434,5300,1.11,0.95
WASP-71 b,WASP-71,2.903676,15.13212395,680.152791,2016.1,0.046,0,6050,2.17,1.53
Kepler-8 b,Kepler-8,3.52254,15.906,191.643,1764,0.0483,0,6213,1.486,1.213
TOI-2236 b,TOI-2236,3.5315902,14.36991326,502.1688831,1688,0.05009,0,6248,1.573,1.343
TOI-2000 c,TOI-2000,9.127055,8.14,81.7,1038,0.0878,0.063,5611,1.134,1.082
K2-97 b,K2-97,8.407115,13.45077684,174.4877954,1566,0.0854,0.207,4673,4.14,1.17
Kepler-102 e,Kepler-102,16.1456994,2.17,4.7,590,0.1162,0.089,4909,0.724,0.803
NGTS-14 A b,NGTS-14 A,3.5357173,4.976796,29.24036,1143,0.0403,0,5187,0.842,0.898
KPS-1 b,KPS-1,1.706291,11.54527,346.4347,1459,0.0269,0,5165,0.907,0.892
HD 25463 c,HD 25463,3.04405,1.5,4.1,1707,0.0435,0,6220,1.41,1.19
TOI-1411 b,TOI-1411,1.4520527,1.19880592,2,976.4,0.02122,0,4115,0.614,0.6045
WASP-154 b,WASP-154,3.811678,10.76062147,198.9605828,994,0.044,0,4774,0.823,0.8
K2-12 b,K2-12,8.28246,2.44,5.2,1026,0.0792,0.5,5672,1.117,0.965
EPIC 249893012 b,EPIC 249893012,3.5951,1.95,8.75,1616,0.047,0.06,5430,1.71,1.05
NGTS-25 b,NGTS-25,2.823093,11.46678726,203.0923521,1101,0.0388,0,5321,0.86,0.91
Kepler-51 b,Kepler-51,45.154,7.1,2.1,543,0.2514,0.04,6018,0.94,1.04
Kepler-51 d,Kepler-51,130.194,9.7,7.6,381,0.509,0.008,6018,0.94,1.04
CoRoT-6 b,CoRoT-6,8.886593,13.068,940.74,1017,0.0855,0.1,6090,1.025,1.05
CoRoT-24 b,CoRoT-24,5.1134,3.7,5.7,1070,0.056,0,4950,0.86,0.91
K2-38 b,K2-38,4.01593,1.54,7.3,1266,0.04994,0.197,5731,1.06,1.03
WASP-157 b,WASP-157,3.9516205,11.937585,182.43442,1339,0.0529,0,5838,1.134,1.26
Kepler-21 b,Kepler-21,2.78578,1.639,5.08,2025,0.0427172,0.02,6305,1.902,1.408
K2-107 b,K2-107,3.31392,16.14096,266.9772,1780,0.048,0,6030,1.78,1.3
K2-36 b,K2-36,1.422614,1.43,3.9,1224,0.0223,0,4916,0.718,0.79
K2-111 b,K2-111,5.3518,1.82,5.58,1309,0.0565,0.1,5775,1.25,0.84
K2-229 b,K2-229,0.584249,1.164,2.59,1960,0.012888,0,5185,0.793,0.837
PH2 b,PH2,282.52542,9.33708092,87.08498352,295.1,0.833,0.215,5734,0.949,0.966
CoRoT-35 b,CoRoT-35,3.22748,18.83108758,349.6112477,1747,0.0429,0,6390,1.65,1.01
Kepler-20 b,Kepler-20,3.69611525,1.868,9.7,1105,0.0463,0.03,5495,0.9639,0.948
Kepler-39 b,Kepler-39,21.08721,13.9,6388.1,897,0.164,0.112,6350,1.4,1.29
Kepler-36 c,Kepler-36,16.23855,3.679,8.08,928,0.1283,0.033,5911,1.626,1.071
G 9-40 b,G 9-40,5.7459982,1.9,4,440.6,0.0418,0,3395,0.3026,0.2952
KELT-21 b,KELT-21,3.6127647,17.777474,1242.7153,2051,0.05224,0,7598,1.638,1.458
CoRoT-27 b,CoRoT-27,3.57532,11.287,3302.11,1500,0.0476,0.065,5900,1.08,1.05
K2-36 c,K2-36,5.340888,3.2,7.8,788,0.054,0,4916,0.718,0.79
TOI-1444 b,TOI-1444,0.4702743,1.41792246,3.58,2130.02,0.0116,0,5460,0.9105,0.9513
K2-115 b,K2-115,20.2729914,11.80305668,321.0066911,696,0.1415,0.063,5870,0.855,0.918
Kepler-553 c,Kepler-553,328.24017,11.57887706,2129.450327,251,0.898,0.346,5191,0.902,0.889
Kepler-20 d,Kepler-20,77.61184,2.75,20.1,369,0.3453,0.6,5455,0.944,0.912
WTS-1 b,WTS-1,3.352057,16.7,1274.44,1500,0.047,0.1,6250,1.15,1.2
TOI-1181 b,TOI-1181,2.10319365,16.1966394,377,1942.12,0.0364,0,6046,1.9322,1.4577
HAT-P-24 b,HAT-P-24,3.35524,13.922,217.704,1637,0.0465,0.067,6373,1.317,1.191
HAT-P-66 b,HAT-P-66,2.972086,17.82231,248.86089,1896,0.04363,0.09,6002,1.881,1.255
K2-233 c,K2-233,7.06005,1.281,12.81,790,0.06666,0.2002,5033,0.71,0.79
TOI-519 b,TOI-519,1.2652328,11.54525012,147.1545524,687,0.0159,0.33,3322,0.35,0.335
Kepler-103 c,Kepler-103,179.60978,5.45,38,434,0.6639,0.095,6009,1.492,1.212
Kepler-278 c,Kepler-278,51.111,3.268,34.9,492,0.287,0.616,4965,2.861,1.227
TOI-4515 b,TOI-4515,15.266446,12.17,637,705,0.118,0.461,5433,0.86,0.949
K2-132 b,K2-132,9.1708,12.206601,157.32585,1586,0.0916,0.29,4878,4.11,1.19
Kepler-1661 b,Kepler-1661,175.06,3.87,17,243,0.633,0.057,5100,0.762,0.841
K2-263 b,K2-263,50.818947,2.41,14.9,470,0.2573,0.15,5368,0.85,0.88
Kepler-107 e,Kepler-107,14.749143,2.903,8.6,955,0.12639,0,5854,1.447,1.238
CoRoT-14 b,CoRoT-14,1.51214,12.22,2415.4,1952,0.027,0,6035,1.21,1.13
Kepler-4 b,Kepler-4,3.21346,4.002,24.472,1650,0.0456,0,5857,1.487,1.223
WASP-129 b,WASP-129,5.748145,10.42437,317.83,1100,0.0628,0.096,5900,0.9,1
TOI-5344 b,TOI-5344,3.792622,9.7,135,679,0.04,0.06,3770,0.563,0.59
HD 73583 b,HD 73583,6.3980661,2.84,15.9,742.7,0.05995,0.294,4582,0.677,0.702
TOI-1416 b,TOI-1416,1.0697568,1.62,3.48,1517,0.019,0,4884,0.793,0.798
TOI-4465 b,TOI-4465,101.94054,14.01122587,1872.009317,427,0.416,0.24,5545,1.014,0.93
TOI-1842 b,TOI-1842,9.5739181,12.3485023,89.4,1199.55,0.1,0.276,6039,2.032,1.4643
TOI-333 b,TOI-333,3.7852503,4.26,20.1,1445,0.049,0,6241,1.1,1.2
TOI-5817 b,TOI-5817,15.61031,3.08,10.3,950,0.1223,0.2,5770,1.427,0.97
KELT-15 b,KELT-15,3.329441,16.174587,289.2253,1642,0.04613,0,6003,1.481,1.181
K2-32 d,K2-32,31.7154,3.43,10.3,537,0.1862,0,5275,0.845,0.856
NGTS-11 b,NGTS-11,35.45533,9.157753,109.33352,435,0.201,0.13,5050,0.832,0.862
TOI-421 b,TOI-421,5.197576,2.64,6.7,922,0.0554,0.13,5291,0.866,0.833
TOI-1670 c,TOI-1670,40.74976,11.06326395,200.2318964,684,0.249,0.09,6170,1.316,1.21
TOI-286 c,TOI-286,39.361826,1.88,3.72,475,0.213,0,5152,0.78,0.832
TOI-1260 c,TOI-1260,7.49325,2.82,11.8,643,0.0656,0,4227,0.65,0.66
HATS-75 b,HATS-75,2.7886556,9.90873894,156.0537478,772.3,0.032742,0.064,3790.4,0.5848,0.6017
HD 35843 c,HD 35843,46.9622,2.54,11.32,479,0.25,0.153,5666,0.897,0.94
HAT-P-50 b,HAT-P-50,3.1220109,14.437192,429.0705,1862,0.0453,0.115,6280,1.698,1.273
Kepler-167 e,Kepler-167,1071.23205,10.16,321.0066911,134.4,1.883,0.29,4884,0.749,0.777
WASP-92 b,WASP-92,2.1746742,16.376349,255.85315,1871,0.0348,0,6280,1.341,1.19
TOI-5350 b,TOI-5350,7.581367,12.41955062,2094.489202,1195,0.0796,0.0165,6220,1.263,1.167
TOI-125 d,TOI-125,19.98,2.93,13.6,638.1,0.137,0.168,5320,0.848,0.859
TOI-1749 c,TOI-1749,4.4929,2.12,14,673,0.0443,0.019,3985,0.55,0.58
NGTS-33 b,NGTS-33,2.827972,18.38272835,1153.717117,1991,0.048,0,7437,1.47,1.6
K2-34 b,K2-34,2.995629,15.434793,539.67534,1715,0.0465,0.054,6149,1.58,1.226
TOI-3819 b,TOI-3819,3.2443141,13.13692538,352.7895318,1633,0.04611,0,5859,1.538,1.242
HATS-14 b,HATS-14,2.7667641,11.646151,340.39593,1276,0.03815,0.142,5346,0.933,0.967
TOI-2374 b,TOI-2374,4.31361,6.81,56.64,885,0.0471,0.13,4802,0.69,0.75
K2-182 b,K2-182,4.7369683,2.69,20,969,0.0526,0.04,5170,0.793,0.865
HD 219666 b,HD 219666,6.03607,4.71,16.6,1073,0.06356,0,5527,1.03,0.92
LTT 3780 c,LTT 3780,12.252284,2.39,8.04,359,0.0757,0.024,3358,0.38,0.381
TOI-3976 A b,TOI-3976 A,6.607662,12.27383387,55.61997123,1295,0.0743,0,5975,1.501,1.254
HD 213885 b,HD 213885,1.008035,1.745,8.83,2128,0.02012,0,5978,1.1011,1.068
K2-238 b,K2-238,3.20466,14.5717,273.3338,1587,0.046,0,5630,1.59,1.19
TOI-4961 b,TOI-4961,7.479182,12.34108775,572.0911326,919,0.0726,0.182,5380,0.912,0.912
TOI-2416 b,TOI-2416,8.275479,9.86390302,953.485221,1080,0.0831,0.32,5808,1.236,1.118
WASP-132 b,WASP-132,7.133521,9.75183,130.3103,763,0.067,0,4775,0.74,0.8
TOI-2338 b,TOI-2338,22.65398,11.2089807,1900.613874,799,0.158,0.676,5581,1.05,0.99
WASP-147 b,WASP-147,4.60273,12.498035,87.40325,1404,0.0549,0,5702,1.429,1.044
TOI-3593 b,TOI-3593,3.8212867,11.02963701,565.7345645,1170,0.0481,0.105,5550,0.918,1.015
LHS 1140 c,LHS 1140,3.77792,1.169,1.76,708.9,0.02734,0.274,2988,0.2134,0.191
HATS-4 b,HATS-4,2.516729,11.433,420.471,1315,0.0362,0.013,5403,0.925,1.001
TOI-3682 b,TOI-3682,3.3462406,12.80065596,69.28659273,1657,0.048,0.22,5703,1.735,1.32
TOI-406 c,TOI-406,3.307441,1.32,2.08,584,0.0322,0.032,3392,0.41,0.408
BD-14 3065 b,BD-14 3065 A,4.2889731,21.59,3932,2001,0.0656,0.066,6935,2.35,1.41
Kepler-435 b,Kepler-435,8.6001536,22.31,266.97,1729,0.0948,0.114,6161,3.21,1.538
TOI-1136 f,TOI-1136,26.317822,3.73591482,32,598.11,0.175,0,5805,0.9573,1.0404
TOI-1472 c,TOI-1472,15.5381747,3.334,21.13,662,0.116,0.172,5100,0.84,0.87
KELT-18 b,KELT-18,2.8717518,17.59813,375.0394,2085,0.0455,0,6670,1.908,1.524
HATS-51 b,HATS-51,3.3488702,15.80469,244.09344,1553,0.04639,0.33,5758,1.44,1.187
WASP-83 b,WASP-83,4.971252,11.65736,95.349,1120,0.059,0,5510,1.05,1.11
EPIC 211945201 b,EPIC 211945201,19.49213,6.12,27,886.35,0.148,0,6025,1.38,1.18
K2-27 b,K2-27,6.771315,4.48,30.9,902,0.06702,0.251,5248,0.885,0.866
HD 1397 b,HD 1397,11.53533,11.500434,131.89945,1228.3,0.1097,0.251,5521,2.336,1.324
TOI-2458 b,TOI-2458,3.73659,2.83,13.31,1509.4,0.0482,0.087,6005,1.31,1.05
WASP-88 b,WASP-88,4.954,19.055,177.98,1772,0.06431,0,6431,2.08,1.45
TOI-3321 b,TOI-3321,3.6525145,15.55806521,176.0769375,1616,0.047,0.054,5850,1.549,1.041
HD 77946 b,HD 77946,6.527363,2.89646124,10.9,1128.86,0.073,0.211,6007,1.3174,1.1973
GJ 9827 d,GJ 9827,6.20147,2.022,3.53,681,0.0559,0.13,4305,0.602,0.606
K2-99 b,K2-99,18.24783,11.88151954,276.5107141,1184,0.153,0.22,6069,2.55,1.44
Kepler-36 b,Kepler-36,13.83989,1.486,4.45,978,0.1153,0.039,5911,1.626,1.071
TOI-1448 b,TOI-1448,8.112245,2.749,19.5,426,0.0567,0.36,3412,0.38,0.372
HATS-67 b,HATS-67,1.6091788,18.887165,460.8535,2193,0.03032,0.057,6594,1.441,1.435
TOI-6692 b,TOI-6692,131.125,11.67975789,197.0536123,467,0.512,0.537,5890,1.385,1.047
TIC 237913194 b,TIC 237913194,15.168865,12.520453,617.22586,974,0.1207,0.575,5788,1.088,1.026
TOI-1268 b,TOI-1268,8.1577094,9.1,96.4,918.9,0.0711,0.105,5300,0.92,0.96
HATS-7 b,HATS-7,3.185315,6.310667,38.1396,1084,0.04012,0.17,4985,0.815,0.849
XO-7 b,XO-7,2.8641424,15.389957,225.34147,1743,0.04421,0.038,6250,1.48,1.405
TOI-1184 b,TOI-1184,5.748432,2.40974309,6.8,715.47,0.056,0,4617,0.6972,0.7271
GJ 486 b,GJ 486,1.467119,1.305,2.82,701,0.01734,0.05,3340,0.328,0.323
TOI-2803 A b,TOI-2803 A,1.96229325,18.11371281,309.8826968,1893,0.03185,0,6280,1.245,1.118
K2-110 b,K2-110,13.86375,2.592,15.9,638,0.10207,0.13,5010,0.713,0.738
WASP-119 b,WASP-119,2.49979,15.6926,390.9309,1600,0.0363,0.058,5650,1.2,1.02
Kepler-102 d,Kepler-102,10.311767,1.154,3,686,0.08618,0.092,4909,0.724,0.803
K2-285 c,K2-285,7.138048,3.53,15.68,741.4,0.0824,0,4975,0.787,0.83
Kepler-7 b,Kepler-7,4.885525,16.567,137.615,1540,0.06224,0,5933,1.843,1.347
Kepler-1656 b,Kepler-1656,31.578659,5.02,48.6,651,0.197,0.836,5731,1.1,1.03
Kepler-37 c,Kepler-37,21.301848,0.755,1.3,615,0.139,0.099,5357,0.789,0.79
HATS-47 b,HATS-47,3.9228038,12.520453,117.27927,852.9,0.04269,0.088,4512,0.6564,0.674
HATS-39 b,HATS-39,4.5776348,17.59813,200.2329,1645,0.06007,0.275,6572,1.621,1.379
TOI-1431 b,TOI-1431,2.650237,16.70138124,991.6246298,2370,0.046,0.0022,7690,1.92,1.9
TOI-5322 b,TOI-5322,5.4233207,16.6117094,184.0226477,1350,0.0604,0.055,5692,1.462,0.998
TOI-2587 A b,TOI-2587 A,5.45664,12.07207221,69.28659273,1445,0.0635,0,5760,1.726,1.15
TOI-3540 A b,TOI-3540 A,3.119999,23.53885947,375.0375203,1498,0.04289,0,5810,1.228,1.081
WASP-90 b,WASP-90,3.916243,18.27067,200.2329,1840,0.0562,0,6430,1.98,1.55
GPX-1 b,GPX-1,1.744579,16.47720163,6261.219618,2300,0.0338,0,7000,1.56,1.68
HATS-41 b,HATS-41,4.193649,14.90797,3082.951,1710,0.0583,0.38,6424,1.71,1.496
Kepler-102 f,Kepler-102,27.453592,0.861,4.3,495,0.1656,0.1,4909,0.724,0.803
K2-266 e,K2-266,19.482,2.73,14.3,490.1,0.1249,0.043,4285,0.703,0.686
CoRoT-13 b,CoRoT-13,4.03519,9.92,415.704,1700,0.051,0,5945,1.01,1.09
HAT-P-59 b,HAT-P-59,4.1419771,12.58768533,489.4557468,1277.8,0.05064,0.03,5678,1.1038,1.008
TOI-1333 b,TOI-1333,4.720219,15.647764,753.2571,1679,0.0626,0.073,6274,1.925,1.464
TOI-2322 c,TOI-2322,20.225528,1.874,18.1,496.8,0.1362,0,4664,0.662,0.703
TOI-4438 b,TOI-4438,7.44628,2.52,5.4,435,0.0534,0.14,3422,0.372,0.368
HD 93963 A c,HD 93963 A,3.6451389,3.11976057,18.4,1212.45,0.04726,0,5908,1.0311,1.0844
WASP-166 b,WASP-166,5.44354,7.06167,32.10083,1270,0.0641,0,6050,1.22,1.19
TRAPPIST-1 f,TRAPPIST-1,9.20669,1.045,0.68,219,0.0371,0.063,2559,0.117,0.0802
WASP-165 b,WASP-165,3.465509,14.12334,209.13214,1624,0.04823,0,5599,1.75,1.248
TOI-615 b,TOI-615,4.6615983,18.97680433,138.2553571,1666,0.0678,0.39,6850,1.732,1.449
TOI-4010 c,TOI-4010,5.414654,5.93,20.31,907,0.058,0.03,4960,0.83,0.88
HAT-P-11 b,HAT-P-11,4.8878162,4.73,25.743,878,0.053,0.198,4780,0.75,0.81
Kepler-138 c,Kepler-138,13.7815,1.51,2.3,410,0.0913,0.017,3841,0.535,0.535
Kepler-20 e,Kepler-20,6.0984882,0.821,0.76,1004,0.0637,0.092,5495,0.9164,0.929
Kepler-1704 b,Kepler-1704,988.88112,11.94877343,1322.166173,253.8,2.027,0.92,5746,1.697,1.132
HATS-22 b,HATS-22,4.7228124,10.682177,870.8542,858,0.05025,0.079,4803,0.689,0.759
TOI-4487 A b,TOI-4487 A,3.9540709,14.60530185,397.2855088,1639,0.05448,0.083,6206,1.634,1.378
HATS-72 b,HATS-72,7.3279474,8.0973816,39.855882,739.3,0.066517,0.013,4656.1,0.7214,0.7311
HAT-P-31 b,HAT-P-31,5.005425,11.99,689.98,1450,0.055,0.245,6065,1.36,1.218
WASP-145 A b,WASP-145 A,1.7690381,10.0881,282.8687,1200,0.0261,0,4900,0.68,0.76
TOI-2589 b,TOI-2589,61.6277,12.10569916,1112.399425,592,0.3,0.522,5579,1.07,0.93
K2-137 b,K2-137,0.179715,0.89,158.915,1471,0.0058,0,3492,0.442,0.463
TOI-2136 b,TOI-2136,7.85191,2.09,15,403,0.054,0,3366,0.335,0.34
TOI-3261 b,TOI-3261,0.8831331,3.82,30.3,1722,0.01714,0,5068,0.849,0.861
WASP-18 b,WASP-18,0.94145223,13.89913607,3241.849751,2429,0.02024,0.0051,6432,1.319,1.294
WASP-121 b,WASP-121,1.2749255,20.904785,375.99289,2358,0.02544,0,6459,1.458,1.353
TOI-677 b,TOI-677,11.2366,13.11453,392.83788,1252,0.1038,0.435,6295,1.28,1.181
TOI-1199 b,TOI-1199,3.671463,10.5140239,75.96098927,1486,0.04988,0.03,5710,1.45,1.23
WASP-49 b,WASP-49,2.7817362,13.428382,126.81417,1400,0.03873,0,5600,1.038,1.003
KELT-6 b,KELT-6,7.8457,13.372,136.661,1313,0.07939,0.22,6102,1.58,1.085
HD 28109 d,HD 28109,84.25999,3.25,5.681,506.5,0.411,0.0864,6120,1.446,1.26
TOI-1244 b,TOI-1244,6.4003,2.37611439,6.6,714.86,0.061,0,4722,0.7231,0.7528
NGTS-35 b,NGTS-35,25.241192,10.9,152,451,0.16,0.192,4717,0.753,0.789
TOI-7510 c,TOI-7510,22.5687423,10.81,131,702,0.1595,0.0091,5720,1.035,1.063
HAT-P-16 b,HAT-P-16,2.77596,14.448,1332.605,1626,0.0413,0.036,6158,1.237,1.218
TrES-4 b,TrES-4,3.55392771,20.602142,157.00802,1795,0.0516,0.016,6295,1.81,1.45
WASP-159 b,WASP-159,3.840401,15.46842,174.8065,1850,0.0538,0,6120,2.11,1.41
HD 63433 c,HD 63433,20.543847,2.58229101,17.2,622.31,0.146,0,5634,0.9169,0.9883
WASP-7 b,WASP-7,4.954658,10.256235,305.1168,1379,0.0618,0,6400,1.236,1.28
WASP-48 b,WASP-48,2.14363544,15.65,288,1956,0.0332,0,6000,1.519,1.062
WASP-101 b,WASP-101,3.585722,15.8,158.91,1560,0.0506,0,6400,1.29,1.34
TOI-329 b,TOI-329,5.70439,4.94057819,40.4,1213.02,0.0638,0.39,5614,1.5326,1.0678
TOI-1260 b,TOI-1260,3.12748,2.34,8.6,860,0.0366,0,4227,0.65,0.66
WASP-26 b,WASP-26,2.7566,14.79585452,324.1849751,1660,0.04,0,5950,1.34,1.12
K2-29 b,K2-29,3.2588321,13.33871,232.0159,1171,0.04217,0.066,5358,0.86,0.94
WASP-41 b,WASP-41,3.052404,13.22662,298.7602,1244,0.04,0.026,5545,0.87,0.93
TOI-1723 b,TOI-1723,13.72641,3.29206019,10.4,782.98,0.114,0,5743,1.0855,1.0378
TOI-771 b,TOI-771,2.3260155,1.36,2.47,543,0.0208,0.055,3370,0.232,0.22
NGTS-20 b,NGTS-20,54.18915,11.99360935,947.1286529,688,0.313,0.432,5980,1.78,1.47
TOI-2152 A b,TOI-2152,3.3773512,14.35870428,899.4543918,1802,0.05064,0.057,6630,1.612,1.516
TOI-3693 b,TOI-3693,9.088516,12.59889431,324.1849751,801,0.0813,0,5321,0.791,0.867
TOI-6054.02,TOI-6054,12.563636,2.82,9.3,1143,0.1079,0.332,6047,1.662,1.107
TOI-6420 b,TOI-6420,6.961508,11.93756445,2606.192937,1213,0.0753,0.078,6020,1.312,1.165
TOI-558 b,TOI-558,14.574071,12.17295304,1147.360549,1061,0.1291,0.298,6466,1.496,1.349
CoRoT-19 b,CoRoT-19,3.89713,14.46,352.78,2000,0.0518,0.047,6090,1.65,1.21
TOI-5386 A b,TOI-5386 A,3.62156552,14.70618268,155.1002626,1488,0.04856,0.072,6094,1.245,1.165
TOI-201 b,TOI-201,52.97818,11.298672,133.4886,759,0.3,0.28,6394,1.317,1.316
HD 63935 b,HD 63935,9.058807,2.91575244,10.5,825.22,0.083,0,5513,0.9598,0.9406
HD 235088 b,HD 235088,7.434151,2.07506422,4.2,753.95,0.071,0,5087,0.7984,0.8531
HD 6061 b,HD 6061,5.254467,2.45,10.8,1194,0.059,0,5920,1.03,1
TOI-2379 b,TOI-2379,5.4693827,11.72459381,1830.691624,624,0.05263,0.342,3707,0.622,0.645
HD 207897 b,HD 207897,16.20166,2.34302132,14.8,581.75,0.117,0,5106,0.7827,0.8208
TOI-1728 b,TOI-1728,3.49151,5.05,26.78,767,0.0391,0.057,3980,0.6243,0.646
HATS-58 A b,HATS-58 A,4.2180896,12.273855,327.3649,1721,0.05798,0.168,7175,1.433,1.461
TOI-2714 b,TOI-2714,2.499387,13.72,228,1603,0.036,0.164,5665,1.25,1.07
TOI-7149 b,TOI-7149,2.65206166,13.2,224,593,0.02603,0.078,3363,0.351,0.344
Kepler-19 b,Kepler-19,9.28699,2.209,6.1,851,0.0846,0.41,5541,0.859,0.936
WASP-118 b,WASP-118,4.0460435,16.14096,163.36462,1729,0.05453,0,6410,1.696,1.32
WASP-173 A b,WASP-173 A,1.3866529,14.403565,1102.8701,1842,0.02508,0,5767,1.099,1.092
TOI-3884 b,TOI-3884,4.5445828,6.43,32.59,441,0.0361,0.06,3180,0.302,0.298
TOI-3984 A b,TOI-3984 A,4.353326,7.9,44,563,0.041,0.23,3476,0.47,0.49
TOI-2107 b,TOI-2107,2.4545467,13.57407563,263.7975778,1397,0.03515,0.033,5627,0.932,0.961
TOI-269 b,TOI-269,3.6977104,2.77,8.8,531,0.0345,0.425,3514,0.398,0.3917
Kepler-109 b,Kepler-109,6.4816307,2.49,4.9,1276,0.0701,0.11,5950,1.387,1.094
HIP 94235 b,HIP 94235,7.713057,3,379,1060,0.0787,0.32,5991,1.08,1.094
Qatar-7 b,Qatar-7,2.032046,19.0553,597.5204,2053,0.0352,0,6387,1.564,1.409
WASP-142 b,WASP-142,2.052868,17.14977,266.9772,2000,0.0347,0,6010,1.64,1.33
WASP-185 b,WASP-185,9.38755,14.01125,311.4734,1160,0.0904,0.24,5900,1.5,1.12
HATS-2 b,HATS-2,1.354133,13.092,427.463,1577,0.023,0,5227,0.898,0.882
HD 260655 b,HD 260655,2.76953,1.24,2.14,709,0.02933,0.039,3803,0.439,0.439
TOI-1853 b,TOI-1853,1.2436258,3.46,73.2,1479,0.0213,0.03,4985,0.808,0.837
TOI-4087 b,TOI-4087,3.1774835,13.04725353,232.0147371,1458,0.04469,0,6060,1.112,1.178
TOI-2382 b,TOI-2382,4.6612061,12.25141591,235.1930212,1426,0.059,0.18,6033,1.417,1.26
HATS-59 b,HATS-59,5.416081,12.621334,256.17098,1128,0.06112,0.129,5670,1.036,1.038
TOI-2095 b,TOI-2095,17.66484,1.25,4.1,347,0.101,0,3759,0.44,0.44
TOI-1295 b,TOI-1295,3.1968838,15.69257298,451.3163379,2360,0.047,0.024,6280,1.7,1.38
TOI-2322 b,TOI-2322,11.30717,0.994,2.31,603.1,0.0924,0,4664,0.662,0.703
HD 80653 b,HD 80653,0.719573,1.613,5.72,2463,0.01661,0,5959,1.22,1.18
TOI-1794 b,TOI-1794,8.765528,3.29701268,8.7,992.91,0.082,0,5631,1.3162,0.9698
WASP-89 b,WASP-89,3.3564227,11.65736,1875.197,1120,0.0427,0.193,5130,0.88,0.92
TOI-2010 b,TOI-2010,141.834025,11.81426566,408.7273314,400.2,0.5516,0.212,5929,1.079,1.112
Qatar-8 b,Qatar-8,3.71495,14.403565,117.91493,1457,0.0474,0,5738,1.315,1.029
TOI-3288 b,TOI-3288,1.4338635,11.2089807,670.6179388,1059,0.0215,0,3933,0.67,0.64
pi Men c,HD 39091,6.2679,2.042,4.82,1169.8,0.06839,0,6037,1.1,1.094
TOI-4994 b,TOI-4994,21.491984,8.54124329,88.99195396,717.6,0.1515,0.319,5640,1.055,1.005
TOI-3135 b,TOI-3135,3.7065585,13.65253849,327.3632592,1292,0.04756,0.24,5890,0.985,1.044
TOI-1136 d,TOI-1136,12.51861,4.62115423,12.3,766.21,0.107,0,5805,0.9573,1.0404
WASP-81 b,WASP-81,2.7164762,16.017661,231.69807,1623,0.03908,0.066,5870,1.283,1.08
K2-108 b,K2-108,4.73401,5.28,59.4,1446,0.0573,0.18,5474,1.75,1.121
TOI-2992 b,TOI-2992,3.007812,13.75341932,1058.368595,1726,0.0434,0.089,6000,1.545,1.21
HAT-P-21 b,HAT-P-21,4.124481,11.478,1291.289,1283,0.0494,0.228,5588,1.105,0.947
HATS-55 b,HATS-55,4.2042001,14.022459,292.72143,1367,0.05412,0.092,6214,1.126,1.1955
WASP-56 b,WASP-56,4.617101,12.24,181.473,1216,0.05458,0,5600,1.112,1.017
KOI-94 d,KOI-94,22.342989,11.27,106,806,0.1684,0.022,6182,1.52,1.277
HATS-44 b,HATS-44,2.7439004,11.960003,177.9848,1161,0.03649,0.279,5080,0.847,0.86
WASP-120 b,WASP-120,3.6112706,16.510857,1541.4755,1880,0.0514,0.057,6450,1.87,1.393
HAT-P-25 b,HAT-P-25,3.652836,13.339,180.202,1202,0.0466,0.032,5500,0.959,1.01
WASP-197 b,WASP-197,5.167228,14.44837612,403.3242485,1665,0.065,0,6050,2.112,1.36
WASP-58 b,WASP-58,5.01718,15.36,282.86,1270,0.0561,0,5800,1.17,0.94
TOI-238 b,TOI-238,1.2730991,1.402,3.4,1311,0.02118,0.18,5059,0.733,0.79
HD 17156 b,HD 17156,21.2164294,12.26262489,1036.120607,888,0.1632,0.6772,6046,1.517,1.285
WASP-22 b,WASP-22,3.53269,12.55408,177.9848,1430,0.0468,0.023,6000,1.13,1.1
Kepler-1514 b,Kepler-1514,217.83184,12.419572,1678.1424,387.9,0.753,0.401,6145,1.289,1.196
TOI-5573 b,TOI-5573,8.79758977,9.75,112,528,0.0712,0.072,3790,0.594,0.619
HATS-10 b,HATS-10,3.312846,10.861521,167.17858,1407,0.04491,0.501,5880,1.105,1.101
TOI-1799 b,TOI-1799,7.085738,1.42238884,4,922.72,0.071,0,5698,0.9536,0.9406
TOI-5542 b,TOI-5542,75.12375,11.30986153,419.5334972,441,0.332,0.018,5700,1.058,0.89
HAT-P-35 b,HAT-P-35,3.646706,14.93,334.979,1581,0.0498,0.025,6096,1.435,1.236
TOI-782 b,TOI-782,8.0240015,2.734,19.1,435,0.0578,0.19,3370,0.413,0.397
NGTS-27 b,NGTS-27,3.3704181,15.64773706,188.4722454,1783,0.0446,0,5700,1.77,1.07
TOI-763 b,TOI-763,5.6057,2.28,9.79,1038,0.06,0.04,5450,0.897,0.917
TOI-3980 b,TOI-3980,3.6089254,14.4595851,187.5187601,1621,0.0494,0.16,5840,1.626,1.24
TOI-628 b,TOI-628,3.4095675,11.88154,2011.8639,1586,0.0486,0.072,6250,1.345,1.311
TOI-2796 b,TOI-2796,4.8084983,17.26183028,139.8444991,1205,0.0569,0,5764,1.069,1.063
TOI-332 b,TOI-332,0.777038,3.2,57.2,1871,0.0159,0,5251,0.87,0.88
Kepler-102 b,Kepler-102,5.286965,0.46,1.1,857,0.05521,0.1,4909,0.724,0.803
WASP-188 b,WASP-188,5.748916,14.81827249,458.6263913,1666,0.072,0,6850,1.83,1.5
WTS-2 b,WTS-2,1.0187068,15.277867,355.9696,2000,0.01855,0,5000,0.752,0.82
TOI-1136 b,TOI-1136,4.17278,1.9,31,1216,0.0514,0,5805,0.9573,1.0404
K2-60 b,K2-60,3.00265,7.655747,135.39558,1400,0.045,0,5500,1.12,0.97
TOI-5789 c,TOI-5789,12.927748,2.86,5,718,0.1009,0.067,5185,0.833,0.821
HATS-46 b,HATS-46,4.7423729,10.121727,54.98459,1054,0.05367,0.559,5495,0.853,0.917
TOI-5688 A b,TOI-5688 A,2.94815527,10.3,124,742,0.03379,0.128,3713,0.57,0.6
TOI-1438 c,TOI-1438,9.428089,2.75,10.6,794,0.083,0,5230,0.82,0.876
HAT-P-64 b,HAT-P-64,4.007232,19.08889413,184.3404761,1766,0.05387,0.101,6457,1.735,1.298
WASP-105 b,WASP-105,7.87288,10.76064,572.094,900,0.075,0,5070,0.9,0.89
K2-25 b,K2-25,3.48456408,3.44,24.5,494,0.0287,0.428,3207,0.2932,0.2634
TOI-5300 b,TOI-5300,2.262196,9.86390302,190.6970442,1043,0.0295,0,4610,0.65,0.67
TOI-5210 b,TOI-5210,4.5661061,10.72699453,81.99972901,1286,0.0557,0.066,5723,1.209,1.105
TOI-1279 b,TOI-1279,9.61419,2.66146528,10.6,759,0.085,0,5457,0.8426,0.8784
TOI-5592 b,TOI-5592,2.6085846,17.14974047,285.7277379,1789,0.03935,0.062,6237,1.393,1.194
TOI-1758 b,TOI-1758,20.705127,3.5573684,6.9,551.44,0.138,0,5151,0.8155,0.8253
TOI-216.01,TOI-216,34.556,11.29,200,497,0.2069,0.029,5026,0.838,0.874
HATS-32 b,HATS-32,2.8126548,14.000041,292.4036,1437,0.04024,0.471,5700,1.097,1.099
TOI-2180 b,TOI-2180,260.79,11.32107051,875.6172613,348,0.828,0.3683,5695,1.636,1.111
TOI-2193 A b,TOI-2193 A,2.1225735,19.83989584,298.7587026,1763,0.03319,0,5966,1.248,1.082
HD 136352 b,HD 136352,11.57779,1.482,4.62,911,0.0969,0.079,5850,1.012,0.906
HD 219134 d,HD 219134,46.859,1.61,16.17,410.5,0.237,0.138,4699,0.778,0.81
TOI-3071 b,TOI-3071,1.266938,7.16,68.2,2155,0.0249,0.09,6177,1.31,1.29
TOI-3023 b,TOI-3023,3.9014971,16.43236571,197.0536123,1596,0.0505,0,5760,1.668,1.12
TOI-3464 b,TOI-3464,3.6515568,13.7646283,397.2855088,1693,0.0515,0.25,6370,1.56,1.363
HD 136352 d,HD 136352,107.245,2.562,8.82,431,0.425,0,5664,1.058,0.87
55 Cnc e,55 Cnc,0.7365437,2.08,7.81,1958,0.01544,0.061,5234,0.943,0.905
WASP-98 b,WASP-98,2.96264,12.33,263.79,1180,0.036,0,5525,0.7,0.69
WASP-156 b,WASP-156,3.836169,5.71659,40.68224,970,0.0453,0.007,4910,0.76,0.842
TOI-1437 b,TOI-1437,18.84078,2.43471042,10.4,794.23,0.139,0,5986,1.2589,1.012
HATS-56 b,HATS-56,4.324799,18.920792,191.33366,1902,0.06043,0.019,6536,2.201,1.573
HD 86226 c,HD 86226,3.98442,2.16,7.25,1311,0.049,0.075,5863,1.053,1.019
TOI-2842 b,TOI-2842,3.5514058,12.84549188,117.5965106,1471,0.0475,0,5910,1.265,1.135
TOI-5340 b,TOI-5340,4.9394392,15.07607904,270.154146,1566,0.0628,0.13,5990,1.842,1.35
TOI-5218 b,TOI-5218,4.291452,9.86,657,783,0.0469,0,4230,0.708,0.739
WASP-176 b,WASP-176,3.899052,16.869545,271.74465,1721,0.0535,0,5941,1.925,1.345
HATS-57 b,HATS-57,2.350621,12.767051,1000.21101,1413.4,0.03493,0.028,5587,0.96,1.026
WASP-158 b,WASP-158,3.656333,11.99363,886.7457,1590,0.0517,0,6350,1.39,1.38
TOI-544 b,TOI-544,1.548352,2.018,2.89,999,0.0225,0,4169,0.623,0.631
KELT-23 A b,KELT-23 A,2.255251,14.829507,298.12454,1561,0.03302,0,5899,0.996,0.944
WASP-144 b,WASP-144,2.2783152,9.52765,139.8452,1260,0.0316,0,5200,0.81,0.81
TOI-1231 b,TOI-1231,24.245586,3.65,15.4,329.6,0.1288,0.087,3553,0.476,0.485
Kepler-40 b,Kepler-40,6.87349,13.11,699.2,1620,0.08,0,6510,2.13,1.48
HR 858 d,HR 858,11.230511,2.001,7.1,1061,0.1046,0,6354,1.258,1.204
TOI-257 b,TOI-257,18.38818,7.16253867,43.86032017,1027,0.1528,0,6095,1.867,1.407
HAT-P-52 b,HAT-P-52,2.7535953,11.309881,259.98494,1218,0.03694,0.047,5131,0.893,0.887
TOI-1753 b,TOI-1753,5.3846104,2.47852533,16.6,1005.43,0.059,0,5621,0.9715,0.9483
LHS 1815 b,LHS 1815,3.81433,1.088,8.7,617,0.0404,0,3643,0.501,0.502
TOI-1136 c,TOI-1136,6.2569,2.76948277,7.6,965.39,0.067,0,5805,0.9573,1.0404
HD 93963 A b,HD 93963 A,1.0376109,1.46954368,2.8,1842.23,0.02061,0,5908,1.0311,1.0844
GJ 143 b,GJ 143,35.61253,2.61,22.7,422,0.1915,0.188,4640,0.695,0.73
TOI-2583 A b,TOI-2583 A,4.5207265,14.4595851,79.45710175,1456,0.0571,0,5936,1.477,1.215
TOI-4860 b,TOI-4860,1.5227591,8.7,86.7,694,0.01808,0.008,3260,0.358,0.34
Kepler-423 b,Kepler-423,2.6843285,13.361,189.101,1605,0.03585,0.019,5560,0.95,0.85
TOI-815 b,TOI-815,11.197259,2.94,7.6,686,0.0903,0.2,4869,0.77,0.776
Kepler-77 b,Kepler-77,3.57878087,10.761,136.661,1440,0.04501,0,5520,0.99,0.95
WASP-60 b,WASP-60,4.3050011,9.64,163.358,1320,0.0531,0,5900,1.14,1.078
HATS-60 b,HATS-60,3.560829,12.923977,210.40346,1528,0.04708,0.191,5688,1.46,1.097
HATS-65 b,HATS-65,3.105161,16.824709,260.93843,1634,0.04497,0.062,6277,1.31,1.257
Qatar-3 b,Qatar-3,2.5079204,12.285064,1369.8473,1681,0.03783,0,6007,1.272,1.145
TOI-286 b,TOI-286,4.5117244,1.42,4.53,979,0.0503,0,5152,0.78,0.832
HAT-P-26 b,HAT-P-26,4.234516,6.333,18.751,1001,0.0479,0.124,5079,0.788,0.816
HD 28109 b,HD 28109,22.89104,2.199,18.496,881.2,0.1357,0.3307,6120,1.446,1.26
TOI-4791 b,TOI-4791,4.28088,12.44196858,734.1836202,1472,0.0555,0,6058,1.409,1.242
CoRoT-5 b,CoRoT-5,4.0378962,15.558,148.42,1438,0.04947,0.09,6100,1.186,1
TOI-3877 b,TOI-3877,4.123596,11.67975789,99.7981198,1445,0.0529,0.22,5731,1.445,1.16
TOI-858 B b,TOI-858 B,3.2797178,14.06727078,349.6112477,1529,0.04435,0.15,5842,1.308,1.081
LP 714-47 b,LP 714-47,4.052037,4.7,30.8,700,0.0417,0.04,3950,0.584,0.59
CoRoT-10 b,CoRoT-10,13.2406,10.87,874,600,0.1055,0.53,5075,0.79,0.89
HATS-69 b,HATS-69,2.2252577,10.592505,183.38791,1295.7,0.03211,0.519,5137,0.8785,0.892
TOI-481 b,TOI-481,10.33111,11.09691,486.2799,1370,0.097,0.153,5735,1.66,1.14
WASP-169 b,WASP-169,5.6114118,14.616536,178.30263,1604,0.0681,0,6110,2.011,1.337
TOI-2989 b,TOI-2989,3.122832,12.55405838,953.485221,1001,0.0384,0,4672,0.76,0.77
TOI-1751 b,TOI-1751,37.46852,2.9507845,19.5,651.64,0.215,0.327,5970,1.3137,0.9382
TOI-778 b,TOI-778,4.633611,15.4,878,1561,0.06,0.21,6643,1.71,1.4
TOI-1269 b,TOI-1269,4.2529913,2.40144286,6.4,1004.9,0.0496,0,5499,0.8521,0.9027
TOI-3785 b,TOI-3785,4.6747373,5.14,14.95,582,0.043,0.11,3576,0.5,0.52
HATS-29 b,HATS-29,4.6058749,14.022459,207.54299,1212,0.05475,0.158,5670,1.073,1.032
TOI-1064 c,TOI-1064,12.226574,2.651,2.5,634,0.09429,0.088,4734,0.726,0.748
WASP-172 b,WASP-172,5.477433,17.59813,149.3801,1740,0.0694,0,6900,1.91,1.49
TOI-3757 b,TOI-3757,3.438753,12,85.3,759,0.03845,0.14,3913,0.62,0.64
WASP-160 B b,WASP-160 B,3.7684952,12.21781,88.35674,1119,0.0452,0,5298,0.868,0.87
TOI-1669 c,TOI-1669,2.6800535,2.2963977,13,1285.16,0.0376,0,5497,1.0561,0.9867
HR 858 b,HR 858,3.585287,2.004,3.55,1552,0.04888,0,6354,1.258,1.204
XO-5 b,XO-5,4.1877558,12.78,378.2,1230,0.0515,0,5430,1.13,1.04
TOI-757 b,TOI-757,17.46819,2.5,10.5,641,0.122,0.39,5278,0.78,0.8
HAT-P-54 b,HAT-P-54,3.799847,10.581296,241.5508,818,0.04117,0.074,4390,0.617,0.645
MASCARA-4 b,MASCARA-4,2.82406,17.14977,985.273,2100,0.047,0,7800,1.92,1.75
TOI-1249 b,TOI-1249,13.079151,3.2710301,11.9,726.89,0.109,0,5497,0.9785,1.0062
TOI-431 d,TOI-431,12.46103,3.29,9.9,633,0.098,0,4850,0.731,0.78
TOI-2095 c,TOI-2095,28.17232,1.33,7.4,297,0.137,0,3759,0.44,0.44
TOI-2529 b,TOI-2529,64.5949,11.54525012,743.7184724,636,0.327,0.021,5802,1.7,1.11
TOI-1064 b,TOI-1064,6.443868,2.587,13.5,784,0.06152,0.047,4734,0.726,0.748
TOI-3807 b,TOI-3807,2.8989727,18.49481816,330.5415433,1646,0.0421,0,5772,1.468,1.181
HAT-P-58 b,HAT-P-58,4.0138379,14.93036229,118.2321674,1622,0.04994,0.073,6078,1.53,1.031
TOI-622 b,TOI-622,6.402513,9.2362001,96.30200732,1388,0.0708,0.42,6400,1.415,1.313
TOI-3919 b,TOI-3919,7.433234,12.31866979,1233.174219,1198,0.0795,0.259,6100,1.319,1.208
TOI-431 b,TOI-431,0.490047,1.28,3.07,1862,0.0113,0,4850,0.731,0.78
TOI-2537 b,TOI-2537,94.1022,11.25381662,415.401728,338,0.3715,0.364,4870,0.771,0.771
WASP-73 b,WASP-73,4.08722,13.002,597.5,1790,0.05512,0,6036,2.07,1.34
KELT-12 b,KELT-12,5.031623,19.95202,301.9385,1800,0.06708,0,6279,2.37,1.591
TOI-3688 A b,TOI-3688 A,3.246075,13.08088048,311.4718389,1534,0.0456,0,5950,1.302,1.199
HATS-74 A b,HATS-74 A,1.73185606,11.56766808,464.0294742,895.1,0.02384,0.044,3776.9,0.5758,0.601
TOI-1648 b,TOI-1648,7.331602,2.54,7.4,799,0.0694,0.178,4850,0.81,0.83
NGTS-32 b,NGTS-32,3.31211,15.91675259,181.162192,1750,0.044,0,5680,1.85,1.07
TOI-3364 b,TOI-3364,5.8768918,12.22899794,530.7734397,1264,0.0675,0,5706,1.419,1.186
TOI-1235 b,TOI-1235,3.444729,1.738,6.91,754,0.03845,0.15,3872,0.63,0.64
TOI-2981 b,TOI-2981,3.601501,13.4,638,1358,0.048,0.035,5940,1.08,1.03
TOI-815 c,TOI-815,34.976145,2.62,23.5,469,0.193,0.22,4869,0.77,0.776
TOI-1451 b,TOI-1451,16.537944,2.61143902,15.2,723.33,0.127,0,5801,1.0162,1.0022
HATS-45 b,HATS-45,4.1876244,14.414774,222.481,1518,0.05511,0.24,6450,1.315,1.272
TOI-1135 b,TOI-1135,8.02773,9.02,51.42,1198.9,0.082,0,6122,1.16,1.125
TOI-1994 b,TOI-1994,4.0337142,13.67495645,7024.007795,2290,0.0613,0.341,7700,2.3,1.86
TRAPPIST-1 e,TRAPPIST-1,6.099615,0.918,0.62,251.3,0.02817,0.085,2559,0.117,0.0802
TOI-238 c,TOI-238,8.465651,2.18,6.7,696,0.0749,0.36,5059,0.733,0.79
NGTS-5 b,NGTS-5,3.3569866,12.733424,72.78307,952,0.0382,0,4987,0.739,0.661
TOI-1803 c,TOI-1803,12.885779,4.29,8,588,0.097,0,4687,0.715,0.756
TOI-1294 b,TOI-1294,3.915292,10.12369881,63.9,1392.74,0.051,0,5718,1.5566,1.1578
Kepler-78 b,Kepler-78,0.35500745,1.201,1.68,2223,0.00901,0,5058,0.7475,0.779
WASP-85 A b,WASP-85 A,2.6556777,13.89916,402.05495,1452,0.039,0,6112,0.935,1.09
Kepler-278 b,Kepler-278,30.1556,3.955,56,586,0.202,0.696,4965,2.861,1.227
Kepler-107 d,Kepler-107,7.95839,0.86,7.7,1173,0.08377,0.11,5854,1.447,1.238
CoRoT-11 b,CoRoT-11,2.99433,16.03,740.51,1657,0.0436,0,6440,1.37,1.27
K2-66 b,K2-66,5.06963,2.49,21.3,1372,0.05983,0,5887,1.67,1.11
WASP-178 b,WASP-178,3.3448412,21.74546,448.1403,2402,0.0545,0,8640,1.801,1.93
TOI-2154 b,TOI-2154,3.8240801,16.28664896,292.4021344,1580,0.0513,0.117,6280,1.396,1.233
Kepler-107 b,Kepler-107,3.1800218,1.536,3.51,1593,0.04544,0,5854,1.447,1.238
K2-100 b,K2-100,1.6739035,3.88,21.8,1841,0.0301,0,5945,1.24,1.15
TOI-908 b,TOI-908,3.183792,3.186,16.137,1317,0.041657,0.132,5626,1.028,0.95
GJ 1214 b,GJ 1214,1.580404531,2.733,8.41,567,0.01505,0.0062,3101,0.2162,0.182
HAT-P-45 b,HAT-P-45,3.128992,15.984,283.492,1652,0.0452,0.049,6330,1.319,1.259
Kepler-51 c,Kepler-51,85.312,9,4,439,0.384,0.014,6018,0.94,1.04
K2-24 c,K2-24,42.3633,7.82,27,606,0.247,0,5743,1.21,1.12
HAT-P-49 b,HAT-P-49,2.691548,15.838,549.823,2131,0.0438,0,6820,1.833,1.543
GJ 3470 b,GJ 3470,3.33714,4.2,14,615,0.0348,0.051,3600,0.503,0.541
HD 73344 b,HD 73344,15.611,2.884,10.48,911,0.131,0.03,6252.6,1.22,1.2
Kepler-117 c,Kepler-117,50.790391,12.341,584.78,704,0.2804,0.0323,6150,1.606,1.129
TOI-3235 b,TOI-3235,2.59261842,11.39953337,211.3558907,604,0.02709,0.029,3388.8,0.3697,0.3939
TOI-2641 b,TOI-2641,4.880974,18.10250383,122.6817651,1387,0.0607,0.18,6100,1.336,1.16
HATS-9 b,HATS-9,1.9153073,11.937585,266.02371,1823,0.03048,0.129,5366,1.503,1.03
Kepler-37 b,Kepler-37,13.36702,0.3098,0.79,718,0.1019,0.098,5357,0.789,0.79
TOI-4914 b,TOI-4914,10.60057,12.87,227,894,0.098,0.408,5805,1,1.03
TOI-1823 b,TOI-1823,38.8,7.5406241,67.4,423.63,0.212,0,4927,0.8049,0.8414
TOI-1634 b,TOI-1634,0.989343,1.79,4.91,924,0.01545,0.16,3550,0.45,0.502
HD 5278 b,HD 5278,14.339156,2.45,7.8,943,0.1202,0.08,6203,1.194,1.126
TOI-480 b,TOI-480,6.866196,2.85372018,20.8,1198.94,0.077,0,6174,1.4877,1.2793
HATS-17 b,HATS-17,16.254611,8.709393,425.25654,814,0.1308,0.029,5846,1.091,1.131
K2-141 b,K2-141,0.2803244,1.51,4.97,2103,0.00747,0,4570,0.681,0.708
TOI-1696 b,TOI-1696,2.50031,3.24,56.6,533,0.0235,0,3168,0.287,0.27
GJ 9827 b,GJ 9827,1.2089819,1.577,5.14,1175,0.0188,0.063,4305,0.602,0.606
HATS-49 b,HATS-49,4.1480467,8.574885,112.19399,834.8,0.04515,0.071,4405,0.6977,0.7133
Kepler-37 d,Kepler-37,39.7922622,2.03,2,499,0.2109,0.1,5357,0.789,0.79
WASP-91 b,WASP-91,2.798581,11.54527,425.8922,1160,0.037,0,4920,0.86,0.84
TOI-532 b,TOI-532,2.3266508,5.82,61.5,867,0.0296,0,3927,0.612,0.639
HD 2685 b,HD 2685,4.12688,16.14096,371.8611,2061,0.0568,0.091,6801,1.56,1.43
TOI-5634 A b,TOI-5634 A,2.2035373,10.42,588,837,0.0272,0,3896,0.54,0.556
TOI-3912 b,TOI-3912,3.4936264,14.28024141,129.0383332,1512,0.0463,0,5725,1.392,1.088
TOI-4666 b,TOI-4666,2.9089168,12.44196858,222.4798849,713,0.0333,0,3512,0.59,0.58
TOI-4794 b,TOI-4794,3.5658116,14.35870428,308.2935548,1673,0.0492,0.1,6390,1.451,1.25
TOI-2570 b,TOI-2570,2.9887615,13.64132951,260.6192937,1431,0.04145,0,5771,1.095,1.063
TOI-1470 c,TOI-1470,18.08816,2.47,7.24,373,0.106,0.5,3709,0.469,0.471
HD 73583 c,HD 73583,18.87974,2.39,9.7,498,0.1242,0.08,4511,0.65,0.73
K2-18 b,K2-18,32.939623,2.37,8.92,284,0.1429,0.2,3457,0.411,0.359
TOI-530 b,TOI-530,6.387597,9.30345398,127.1313628,565,0.052,0,3659,0.54,0.53
TOI-5678 b,TOI-5678,47.73022,4.91,20,513,0.249,0.14,5485,0.938,0.905
TOI-2977 b,TOI-2977,2.3505614,13.15934334,533.9517238,1544,0.03386,0,5691,1.073,0.936
TOI-1438 b,TOI-1438,5.13967,3.04,9.4,971,0.0553,0,5230,0.82,0.876
K2-136 c,K2-136,17.30713,3,18.1,470,0.1185,0.047,4500,0.677,0.742
GJ 3473 b,GJ 3473,1.1980035,1.264,1.86,773,0.01589,0,3347,0.364,0.36
TOI-2818 b,TOI-2818,4.039709,15.27784069,225.658169,1376,0.0493,0,5721,1.229,0.977
TOI-4600 c,TOI-4600,482.8191,9.42,2946.269333,191,1.152,0.21,5170,0.81,0.89
K2-141 c,K2-141,7.7485,7,8,695,0.0683,0.092,4570,0.681,0.708
TOI-2497 b,TOI-2497,10.655669,11.14172682,1531.932922,1595,0.1166,0.195,7360,2.36,1.859
KOI-94 b,KOI-94,3.743208,1.71,10.5,1486,0.05119,0.25,6182,1.52,1.277
HATS-33 b,HATS-33,2.5495551,13.78707,378.85336,1429,0.03727,0.08,5659,1.022,1.062
HAT-P-70 b,HAT-P-70,2.74432452,20.96083,2154.8874,2562,0.04739,0,8450,1.858,1.89
TOI-6628 b,TOI-6628,18.18424,10.98480109,235.1930212,833,0.134,0.67,5463,1.01,0.97
K2-167 b,K2-167,9.97748,2.3,6.5,1174,0.091,0.47,6011,1.494,1.01
TOI-1824 b,TOI-1824,22.808533,2.7438269,16,528.67,0.151,0,5165,0.8123,0.8801
TOI-1452 b,TOI-1452,11.06201,1.672,4.82,326,0.061,0,3185,0.275,0.249
TOI-5027 b,TOI-5027,10.24368,10.76062147,642.0133821,1056,0.093,0.385,5909,0.92,1.02
HAT-P-68 b,HAT-P-68,2.29840551,12.016048,230.10892,1027.8,0.02996,0.041,4508,0.6701,0.6785
WASP-151 b,WASP-151,4.533471,12.66617,98.5273,1290,0.055,0.003,5871,1.14,1.077
Kepler-425 b,Kepler-425,3.79701816,10.962,79.45,1070,0.0464,0.33,5170,0.86,0.93
TOI-157 b,TOI-157,2.0845435,14.414774,375.0394,1588,0.03138,0,5404,1.167,0.948
TOI-2141 b,TOI-2141,18.26157,3.05,24,722,0.133,0.21,5659,0.98,0.94
TOI-1194 b,TOI-1194,2.310644,8.5972882,144.9297536,1391,0.03428,0.076,5446,0.963,1.007
WASP-113 b,WASP-113,4.542168745,15.793481,150.96925,1496,0.05885,0,5890,1.608,1.318
TOI-654.01,TOI-654,1.527561,2.378,8.71,794,0.01944,0,3521,0.43,0.419
WASP-54 b,WASP-54,3.6936411,18.528,202.131,1759,0.04987,0.067,6100,1.828,1.213
K2-140 b,K2-140,6.569188,13.56286665,295.5804185,962,0.068,0,5585,1.06,0.96
TOI-2000 b,TOI-2000,3.09833,2.7,11,1488,0.04271,0,5611,1.134,1.082
TOI-406.01,TOI-406,13.175682,2.08,6.57,368,0.0809,0.056,3392,0.41,0.408
Kepler-428 b,Kepler-428,3.52563254,12.11,403.63,1070,0.0433,0.22,5150,0.8,0.87
NGTS-17 b,NGTS-17,3.24253,13.89913607,242.820903,1457,0.0391,0,5650,1.337,1.025
TOI-2285 b,TOI-2285,27.26955,1.74,19.5,284,0.1363,0.3,3491,0.464,0.454
TOI-1468 b,TOI-1468,1.8805201,1.401,3.04,683.5,0.02107,0.0099,3376,0.3714,0.3527
TOI-6130 b,TOI-6130,2.392679,14.3474953,333.7198274,1750,0.036,0.036,6110,1.51,1.31
HATS-35 b,HATS-35,1.8209993,16.409976,388.38826,2037,0.03199,0.306,6300,1.433,1.317
NGTS-24 b,NGTS-24,3.4678796,13.60770257,165.2707716,1499,0.0479,0,5820,1.64,1.26
TOI-674 b,TOI-674,1.977143,5.25,23.6,635,0.025,0,3514,0.42,0.42
CoRoT-20 b,CoRoT-20,9.24285,9.42,1347.54,1002,0.0902,0.562,5880,1.02,1.14
TOI-163 b,TOI-163,4.231306,16.690201,387.7526,1669,0.058,0,6495,1.648,1.4352
Qatar-10 b,Qatar-10,1.645321,17.295487,233.92288,1955,0.0286,0,6124,1.254,1.156
WASP-70 A b,WASP-70 A,3.7130203,13.047,187.512,1387,0.04853,0,5763,1.215,1.106
WASP-61 b,WASP-61,3.855898,13.56289,654.7298,1624.4,0.0521,0,6250,1.39,1.27
TOI-2580 b,TOI-2580,3.39775,17.37392009,200.2318964,2410,0.048,0.08,6120,1.81,1.33
TOI-1468 c,TOI-1468,15.532477,2.126,4.1,338.1,0.08608,0.111,3376,0.3714,0.3527
Kepler-101 b,Kepler-101,3.4876812,5.77,51.1,1513,0.0474,0.086,5667,1.56,1.17
GJ 3929 b,GJ 3929,2.616235,1.09,1.75,568,0.0252,0,3384,0.32,0.313
TRAPPIST-1 d,TRAPPIST-1,4.04961,0.772,0.41,288,0.02144,0.07,2559,0.117,0.0802
HATS-12 b,HATS-12,3.142833,15.13215,756.4354,2097,0.04795,0.085,6408,2.21,1.489
WASP-153 b,WASP-153,3.332609,17.37395,123.9537,1700,0.048,0.009,5914,1.73,1.336
TOI-4010 d,TOI-4010,14.70886,6.18,38.15,650,0.113,0.07,4960,0.83,0.88
TOI-1420 b,TOI-1420,6.9561063,11.89,25.1,957,0.071,0.17,5510,0.923,0.987
Wendelstein-2 b,Wendelstein-2,1.7522239,12.9934728,232.33373,2470,0.0234,0.057,4591,0.66,0.73
WASP-123 b,WASP-123,2.9776412,14.773462,285.72917,1520,0.04263,0,5740,1.285,1.166
WASP-102 b,WASP-102,2.709813,14.90794433,197.6892692,1671,0.041,0,5990,1.375,1.08
K2-265 b,K2-265,2.36902,1.70824866,7.3418362,1366,0.03359,0.16,5420,0.92,0.901
Kepler-538 b,Kepler-538,81.73778,2.215,10.6,380,0.4669,0.041,5547,0.8717,0.892
WASP-171 b,WASP-171,3.8186244,10.98482,344.52772,1642,0.0504,0,5965,1.637,1.171
HAT-P-53 b,HAT-P-53,1.9616241,14.773462,471.65972,1778,0.03159,0.134,5956,1.209,1.093
TOI-2373 b,TOI-2373,13.33668,10.42435205,2955.804185,860,0.112,0.112,5651,1.102,1.041
HATS-43 b,HATS-43,4.3888497,13.22662,82.95363,1003,0.04944,0.173,5099,0.812,0.837
TOI-2368 b,TOI-2368,5.1750073,10.83908434,206.5884646,1000,0.05649,0.061,5360,0.846,0.897
TOI-892 b,TOI-892,10.62656,11.99363,301.9385,1397,0.092,0.125,6261,1.39,1.28
TOI-3486 b,TOI-3486,2.21778105,10.5700688,99.16246298,1190,0.03138,0.078,4930,0.788,0.837
NGTS-2 b,NGTS-2,4.511164,17.878355,235.1942,1468,0.063,0,6478,1.702,1.64
WASP-192 b,WASP-192,2.8786765,13.78707,731.009,1620,0.0408,0,5910,1.32,1.09
K2-32 e,K2-32,4.34934,1.212,2.1,1066,0.04899,0.043,5271,0.86,0.83
WASP-53 b,WASP-53,3.3098443,12.038466,677.61356,1053,0.04101,0.03,4953,0.798,0.839
HAT-P-63 b,HAT-P-63,3.377728,12.5428494,195.1466419,1237,0.04294,0.069,5400,0.9661,0.925
TOI-5181 A b,TOI-5181 A,3.8922295,13.34989601,330.5415433,1585,0.0522,0.15,6060,1.53,1.25
Kepler-323 b,Kepler-323,1.678328,1.381,3.9,1838,0.02778,0.095,6004,1.12,1.015
EPIC 220674823 b,EPIC 220674823,0.571292,1.725,8.21,2300,0.01326,0,5532,0.988,0.95
CoRoT-9 b,CoRoT-9,95.272656,11.948794,266.9772,420,0.4021,0.133,5625,0.96,0.96
Kepler-427 b,Kepler-427,10.290994,13.79,92.17,1100,0.091,0.57,5800,1.35,0.96
KOI-4777.01,KOI-4777,0.412,0.51,99.2,1180,0.008,0,3515,0.4,0.41
TOI-1749 b,TOI-1749,2.38839,1.39,57,831,0.0291,0.14,3985,0.55,0.58
KOI-94 c,KOI-94,10.423648,4.32,15.6,1012,0.1013,0.43,6182,1.52,1.277
Kepler-87 b,Kepler-87,114.73635,13.49,324.2,478,0.481,0.036,5600,1.82,1.1
HD 63935 c,HD 63935,21.4027,3.06451296,11.1,619.59,0.148,0,5513,0.9598,0.9406
TOI-1670 b,TOI-1670,10.98462,2.06,41.31769291,1062,0.103,0.59,6170,1.316,1.21
HD 18599 b,HD 18599,4.137437,2.7,25.5,863,0.05,0.2,5083,0.798,0.807
TOI-2969 b,TOI-2969,1.8237146,12.32987877,368.6809521,1186,0.0261,0,4738,0.7,0.71
K2-233 b,K2-233,2.4675,1.343,11.26,1121,0.03308,0.079,5033,0.71,0.79
TOI-5261 b,TOI-5261,4.1509768,11.60129502,3651.848396,1244,0.05134,0.1585,5790,1.021,1.037
HATS-23 b,HATS-23,2.1605156,20.84874,467.2101,1654,0.03397,0.114,5780,1.199,1.121
Kepler-22 b,Kepler-22,289.863876,2.1,9.1,279,0.812,0.72,5596,0.869,0.857
K2-280 b,K2-280,19.89526,7.5,37.1,787,0.1461,0.35,5500,1.28,1.03
CoRoT-26 b,CoRoT-26,4.20474,14.12,165.26,1600,0.0526,0,5590,1.79,1.09
Kepler-434 b,Kepler-434,12.8747099,12.67,908.96,1000,0.1143,0.131,5977,1.38,1.198
Kepler-111 c,Kepler-111,224.77833,7.0840758,222.4798849,352.2,0.751,0.176,5914,1.145,1.118
NGTS-15 b,NGTS-15,3.27623,12.32987877,238.6891337,1146,0.0441,0,5600,0.954,0.995
K2-38 c,K2-38,10.56103,2.49,7.4,949,0.0959,0.086,5705,1.141,1.054
TIC 139270665 b,TIC 139270665,23.624,7.22979255,147.1545524,703,0.163,0.105,5844,1.016,1.035
Kepler-454 b,Kepler-454,10.5737534,2.37,5.4,916,0.09528,0.32,5687,1.066,1.03
HATS-37 A b,HATS-37 A,4.3315366,6.792654,31.46517,1085,0.04913,0,5326,0.877,0.843
CoRoT-22 b,CoRoT-22,9.75598,4.88,12.2,885,0.092,0.077,5939,1.136,1.099
Kepler-1655 b,Kepler-1655,11.8728787,2.213,5.4,938,0.1029,0.19,6148,1.03,1.03
K2-229 c,K2-229,8.32834,2.12,21.3,800,0.07577,0,5185,0.793,0.837
K2-24 b,K2-24,20.8851,5.68,21,767,0.154,0,5743,1.21,1.12
EPIC 248847494 b,EPIC 248847494,3650,12.44199,4131.79,183,4.5,0,4898,2.7,0.9
NGTS-16 b,NGTS-16,4.84532,14.57167491,211.9915475,1177,0.0523,0,5550,1.213,1.002
CoRoT-17 b,CoRoT-17,3.7681,11.43,772.29,1626,0.0461,0,5740,1.59,1.04
BD+20 594 b,BD+20 594,41.6855,2.23,16.3,546,0.241,0,5766,0.928,0.961
KOI-134 b,KOI-134,67.1277,12.03844527,346.4329636,659,0.363,0.16,6160,1.667,1.407
Kepler-849 b,Kepler-849,394.62508,8.08167508,298.7587026,362.7,1.137,0.078,5950,1.822,1.259
HD 137496 b,HD 137496,1.62116,1.31,4.04,2130,0.02732,0,5799,1.59,1.04
K2-292 b,K2-292,16.9841,2.63,24.5,795,0.13,0.04,5725,1.09,1
Kepler-138 d,Kepler-138,23.0923,1.51,2.1,345,0.1288,0.01,3841,0.535,0.535
Kepler-38 b,Kepler-38,105.599,4.3,122,475,0.4632,0.032,5623,1.752,0.941
Kepler-391 c,Kepler-391,20.501,2.88,450,662,0.164,0.27,5038,2.879,1.27
Kepler-409 b,Kepler-409,68.9583216,1.199,6,438,0.3192,0.69,5421,0.897,0.913
NGTS-23 b,NGTS-23,4.0764326,14.20177855,194.8288135,1327,0.0504,0,6057,1.24,1.01
EPIC 220674823 c,EPIC 220674823,13.3397,2.5,5.8,774,0.105,0.18,5470,0.869,0.945
EPIC 229004835 b,EPIC 229004835,16.141132,2.332,10.4,804,0.1237,0.23,5868,0.999,0.97
EPIC 201595106 b,EPIC 201595106,0.87724,1.565,7.67,2038,0.0177,0,5679,0.98,0.958
Kepler-433 b,Kepler-433,5.33408384,16.25,896.24,1776,0.0679,0.119,6360,2.26,1.46
CoRoT-25 b,CoRoT-25,4.86069,12.11,85.81,1330,0.0578,0,6040,1.19,1.09
Kepler-101 c,Kepler-101,6.02976,1.25,3.78,1413,0.0684,0,5667,1.56,1.17
TIC 46432937 b,TIC 46432937,1.44044527,13.31626907,1017.050902,872,0.02065,0.009,3572,0.5299,0.563
K2-33 b,K2-33,5.42513,5.76,1144.188,850,0.0409,0,3410,1.1,0.31
Kepler-103 b,Kepler-103,15.9653287,3.486,9.8,973,0.13223,0.093,6009,1.492,1.212
K2-233 d,K2-233,24.3681,2.363,10.3,525,0.1516,0.18,4796,0.71,0.79
Kepler-20 c,Kepler-20,10.854092,3.07,16.1,713,0.093,0.4,5455,0.944,0.912
Kepler-1654 b,Kepler-1654,1047.8356,9.180171,158.915,206,2.026,0.26,5597,1.179,1.011
HD 88986 b,HD 88986,146.05,2.49,17.2,460,0.58,0.24,5861,1.543,1.25
K2-139 b,K2-139,28.38236,9.056872,123.00021,565,0.179,0.12,5340,0.862,0.919
Kepler-87 c,Kepler-87,191.2318,6.14,6.4,403,0.676,0.039,5600,1.82,1.1
NGTS-26 b,NGTS-26,4.5199279,14.88552637,92.80589484,1331,0.049,0,5550,1.16,0.96
Kepler-539 b,Kepler-539,125.63243,8.373123,308.2951,387.6,0.4988,0.39,5820,0.952,1.048
EPIC 249893012 c,EPIC 249893012,15.624,3.67,14.67,990,0.13,0.07,5430,1.71,1.05
TIC 4672985 b,TIC 4672985,69.048,11.5004142,4049.133905,517.2,0.33,0.018,5757,1.15,1.01
PH1 b,PH1,138.317,6.18,169,481,0.652,0.0702,6407,1.734,1.528
HD 224018 d,HD 224018,138.0731,2.4,4.2,411,0.53,0.04,5784,1.147,1.013
EPIC 249893012 d,EPIC 249893012,35.747,3.94,10.18,752,0.22,0.15,5430,1.71,1.05
CoRoT-36 b,CoRoT-36,5.616531,15.80466279,216.1233168,1567,0.066,0,6730,1.52,1.32
HD 224018 c,HD 224018,36.57669,2.42,10.4,641,0.217,0.02,5784,1.147,1.013
KOI-3680 b,KOI-3680,141.241671,11.09691,613.4119,347,0.534,0.496,5830,0.96,1.01
Kepler-20 f,Kepler-20,19.578328,0.952,1.4,681,0.1387,0.094,5495,0.9164,0.929
CoRoT-24 c,CoRoT-24,11.759,5,28,850,0.098,0,4950,0.86,0.91
CoRoT-7 b,CoRoT-7,0.85359159,1.585,5.74,1756,0.017016,0,5259,0.82,0.913
Kepler-138 b,Kepler-138,10.3134,0.64,0.07,452,0.0753,0.02,3841,0.535,0.535
Kepler-1876 b,Kepler-1876,6.99205,0.853,2.4,1299,0.0758,0.098,6104,1.477,1.187
Kepler-46 b,Kepler-46,33.60134,9.057,1907,543,0.1968,0.01,5155,0.938,0.902
HD 224018 b,HD 224018,10.6413,0.91,4.1,968,0.0952,0.06,5784,1.147,1.013
Kepler-117 b,Kepler-117,18.7959228,8.059,29.875,984,0.1445,0.0493,6150,1.606,1.129